Campaign_ID,Platform,Ad_Type,Impressions,Clicks,Conversions,Spend,Revenue,CTR,ROI
CAM0001,LinkedIn,Video,94967,126,394,6364.25,11955.54,0.0132,2.12
CAM0002,Instagram,Carousel,66707,3791,98,6308.92,18524.03,0.16,3.64
CAM0003,LinkedIn,Sponsored Post,16915,541,332,5088.0,30773.98,0.1414,-0.58
CAM0004,Instagram,Video,74257,3553,7,9032.08,33939.38,0.0191,3.77
CAM0005,Facebook,Banner,52329,1767,102,3485.56,16961.12,0.0476,2.35
CAM0006,Facebook,Carousel,13635,3321,380,8750.54,1290.04,0.0669,2.52
CAM0007,Facebook,Video,85782,1702,37,1036.83,7272.23,0.1183,4.15
CAM0008,LinkedIn,Banner,40086,2520,491,3319.68,20260.61,0.0593,-0.42
CAM0009,LinkedIn,Sponsored Post,6851,3994,244,3639.73,43621.16,0.1635,4.01
CAM0010,LinkedIn,Video,86686,1041,222,7325.75,37680.96,0.1589,-0.4
CAM0011,Twitter,Sponsored Post,86712,4319,277,1705.45,6763.89,0.198,-0.79
CAM0012,LinkedIn,Sponsored Post,42120,2963,0,1219.13,15592.86,0.0268,1.11
CAM0013,LinkedIn,Banner,20631,4044,462,5665.74,43609.22,0.1745,1.49
CAM0014,Google,Banner,32187,3769,345,6373.99,26365.32,0.0147,3.93
CAM0015,Google,Banner,33904,2260,239,9673.69,39722.39,0.0355,3.32
CAM0016,Instagram,Video,98243,26,305,6335.92,36537.39,0.037,4.42
CAM0017,LinkedIn,Video,93679,4624,352,8890.81,3070.99,0.0666,4.59
CAM0018,Twitter,Sponsored Post,16463,3972,170,6755.77,23640.78,0.0642,3.59
CAM0019,Google,Carousel,65006,3344,25,2481.04,10694.12,0.1302,3.75
CAM0020,LinkedIn,Carousel,80699,582,116,1610.15,1164.4,0.0856,1.09
CAM0021,Google,Banner,24881,1202,235,2384.12,22657.86,0.1429,2.7
CAM0022,Facebook,Sponsored Post,72963,3889,143,6402.44,6767.59,0.0803,1.19
CAM0023,Instagram,Banner,78545,3228,424,6224.65,13193.18,0.1507,2.79
CAM0024,LinkedIn,Sponsored Post,31628,4767,190,1652.94,18779.98,0.1151,1.56
CAM0025,Instagram,Carousel,99977,104,296,2961.5,26425.41,0.1827,3.92
CAM0026,Facebook,Sponsored Post,91877,381,341,7136.45,2833.25,0.1602,4.98
CAM0027,Facebook,Sponsored Post,50927,3378,305,6652.21,26357.62,0.0611,4.38
CAM0028,LinkedIn,Banner,26651,523,23,529.5,20793.18,0.0649,4.34
CAM0029,Google,Banner,19767,2248,382,8917.29,21477.02,0.0638,-0.5
CAM0030,Twitter,Banner,23833,1435,203,4201.62,44824.78,0.1344,2.7
CAM0031,Facebook,Sponsored Post,45367,2901,272,6813.18,41570.74,0.0476,0.38
CAM0032,Google,Banner,65748,1053,149,5205.15,6548.18,0.1399,3.17
CAM0033,LinkedIn,Video,86568,4737,430,2733.67,44379.62,0.0412,3.15
CAM0034,Google,Carousel,51199,3807,88,6101.66,2508.85,0.0998,1.05
CAM0035,Instagram,Sponsored Post,54415,577,195,7963.17,20373.86,0.0771,1.47
CAM0036,Facebook,Sponsored Post,57209,4593,33,9124.27,1322.09,0.1474,-0.71
CAM0037,Google,Carousel,37776,3628,274,9696.69,17190.89,0.1612,1.56
CAM0038,Google,Sponsored Post,84606,2965,142,2254.58,18507.39,0.187,1.73
CAM0039,Instagram,Video,48176,167,454,8434.73,10677.91,0.1127,-0.3
CAM0040,Facebook,Banner,91306,1137,127,8370.76,3643.21,0.0933,3.68
CAM0041,LinkedIn,Carousel,56039,172,124,8044.97,27512.68,0.0123,0.33
CAM0042,LinkedIn,Sponsored Post,48520,2059,462,8816.77,2129.63,0.117,3.77
CAM0043,Instagram,Carousel,82877,3246,132,9369.28,41047.52,0.083,4.59
CAM0044,Instagram,Carousel,6349,4383,301,5123.94,3731.57,0.1045,2.65
CAM0045,Instagram,Video,82671,2003,141,6285.18,29952.39,0.1666,0.02
CAM0046,Instagram,Banner,84268,3650,18,7316.13,19484.34,0.1385,1.76
CAM0047,Twitter,Banner,39081,763,385,8662.87,1130.63,0.1204,1.32
CAM0048,LinkedIn,Carousel,42224,3246,197,6815.53,44815.0,0.1702,0.54
CAM0049,Instagram,Sponsored Post,12092,3413,461,4604.38,21421.74,0.027,0.55
CAM0050,Facebook,Carousel,61395,4174,158,9168.53,4052.31,0.1423,3.32
CAM0051,LinkedIn,Banner,82632,852,15,8452.1,8193.84,0.1108,3.09
CAM0052,Instagram,Sponsored Post,37394,4304,3,4152.12,11933.94,0.0916,2.5
CAM0053,LinkedIn,Carousel,97937,486,63,7452.03,12431.11,0.1283,3.78
CAM0054,Google,Banner,73919,161,243,2198.84,39608.53,0.1035,0.03
CAM0055,Instagram,Carousel,48795,1296,390,9876.06,30067.92,0.105,0.62
CAM0056,Instagram,Banner,43643,226,472,850.96,25365.0,0.0508,0.87
CAM0057,Google,Sponsored Post,78467,4039,40,6272.16,14265.1,0.0897,1.69
CAM0058,Twitter,Banner,84466,354,5,701.41,38484.01,0.0563,1.64
CAM0059,Google,Banner,61479,4750,199,6450.58,8465.95,0.0949,3.25
CAM0060,Facebook,Video,81739,3947,275,3149.03,40560.12,0.1761,2.93
CAM0061,Google,Video,73161,2309,79,847.43,11029.69,0.0626,3.02
CAM0062,Facebook,Carousel,41751,1058,22,9033.09,39983.93,0.0199,-0.65
CAM0063,Twitter,Carousel,45720,615,476,2093.4,27652.14,0.1049,3.36
CAM0064,Google,Banner,3574,1172,147,9141.03,14701.3,0.0143,1.76
CAM0065,Twitter,Banner,48090,506,378,7377.19,26150.71,0.05,3.42
CAM0066,Instagram,Carousel,23479,309,251,3572.79,40191.26,0.0706,1.42
CAM0067,Instagram,Sponsored Post,40598,4790,486,6246.88,6860.0,0.0588,1.11
CAM0068,LinkedIn,Sponsored Post,48208,3803,414,2883.97,42980.57,0.1122,-0.41
CAM0069,Instagram,Sponsored Post,42222,4782,396,98.62,43627.7,0.0762,2.93
CAM0070,Google,Banner,56489,807,354,5490.62,27306.61,0.0423,1.79
CAM0071,Twitter,Carousel,52748,1135,238,9786.55,43737.03,0.1963,0.2
CAM0072,LinkedIn,Video,53601,4710,122,8792.87,46076.93,0.0838,1.2
CAM0073,Instagram,Carousel,89502,3360,432,4054.11,46046.65,0.0863,2.36
CAM0074,Instagram,Banner,97321,86,459,2660.63,5429.81,0.0801,-0.59
CAM0075,LinkedIn,Video,38322,1308,476,1836.44,6299.17,0.0898,-0.25
CAM0076,LinkedIn,Banner,97837,4354,250,8802.85,29040.69,0.1174,-0.19
CAM0077,Facebook,Banner,64874,2211,329,5735.63,296.68,0.1212,0.53
CAM0078,Twitter,Video,93881,353,334,5711.39,44493.03,0.1883,3.41
CAM0079,Google,Video,73330,3124,231,2410.45,20346.35,0.1346,0.74
CAM0080,Instagram,Carousel,36642,1586,266,7033.5,14021.8,0.0342,2.4
CAM0081,Twitter,Banner,75819,1248,290,7044.49,36156.72,0.0991,1.29
CAM0082,Google,Sponsored Post,1980,2719,388,2180.32,8406.32,0.0191,2.84
CAM0083,Google,Banner,34035,4598,462,4971.64,14356.39,0.0826,3.4
CAM0084,Google,Sponsored Post,76080,3384,216,7070.41,17473.26,0.0729,-0.95
CAM0085,LinkedIn,Carousel,6053,2219,282,9965.62,33203.5,0.1823,0.52
CAM0086,Twitter,Sponsored Post,35965,35,367,1735.97,26494.03,0.1732,2.29
CAM0087,Twitter,Banner,98296,2039,399,3704.17,4599.52,0.1599,4.93
CAM0088,Google,Carousel,7860,2500,210,281.6,34006.48,0.0619,3.87
CAM0089,Instagram,Carousel,70248,564,201,5414.66,39778.0,0.1299,1.12
CAM0090,Instagram,Sponsored Post,18246,1692,371,2262.77,27311.26,0.1446,2.34
CAM0091,Facebook,Sponsored Post,85440,1052,115,7712.39,21526.02,0.1103,1.16
CAM0092,Google,Video,78312,995,245,4194.95,32410.96,0.0225,2.26
CAM0093,Twitter,Sponsored Post,52130,4305,29,7853.8,12354.36,0.0827,1.03
CAM0094,Facebook,Sponsored Post,47856,2602,17,2716.42,48101.06,0.075,3.77
CAM0095,Instagram,Sponsored Post,6938,4997,7,546.25,33109.66,0.1211,1.6
CAM0096,Google,Carousel,13429,349,138,5608.32,8994.92,0.1315,1.63
CAM0097,Google,Carousel,80442,4944,300,606.07,17629.99,0.161,3.32
CAM0098,Google,Banner,88659,2543,479,4007.19,14847.21,0.0197,-0.41
CAM0099,LinkedIn,Banner,77963,30,104,203.84,26211.1,0.0251,3.31
CAM0100,Twitter,Video,95566,2656,63,2993.8,12434.51,0.0275,2.9
CAM0101,Facebook,Sponsored Post,26201,4710,27,1659.67,34922.27,0.1571,-0.62
CAM0102,Twitter,Video,80308,3389,375,4913.53,11104.92,0.1049,2.04
CAM0103,Instagram,Banner,15063,2511,17,7926.34,512.83,0.1167,3.66
CAM0104,Instagram,Banner,95342,1814,314,9503.96,10752.63,0.1568,3.46
CAM0105,Instagram,Video,85257,4121,454,4566.48,5358.36,0.0303,-0.92
CAM0106,Twitter,Carousel,30352,1662,470,2051.65,22586.61,0.1378,1.12
CAM0107,LinkedIn,Sponsored Post,56459,2171,112,3993.02,28387.42,0.1982,2.9
CAM0108,Twitter,Banner,16289,1649,356,115.43,48140.69,0.1395,2.81
CAM0109,Facebook,Sponsored Post,2934,4014,84,4443.02,8620.94,0.1502,1.87
CAM0110,Facebook,Sponsored Post,27622,775,102,7882.92,30632.42,0.0176,3.27
CAM0111,Twitter,Banner,2785,3474,274,7127.52,29845.69,0.1206,1.19
CAM0112,Google,Video,32854,3458,137,9726.03,4772.88,0.0593,-0.97
CAM0113,Google,Banner,23961,3835,171,6992.7,30992.55,0.1713,3.4
CAM0114,LinkedIn,Banner,35416,3142,34,2504.17,45677.45,0.1481,1.17
CAM0115,Facebook,Video,30629,3408,431,9483.95,37926.04,0.1178,3.41
CAM0116,Google,Sponsored Post,68761,4562,94,7316.98,17751.0,0.1298,3.11
CAM0117,Instagram,Carousel,34070,1119,237,6454.5,8727.17,0.1231,2.0
CAM0118,Twitter,Sponsored Post,80490,4426,278,7444.3,37664.68,0.0271,1.09
CAM0119,LinkedIn,Sponsored Post,64794,2498,312,9361.77,21590.12,0.1753,2.09
CAM0120,Instagram,Sponsored Post,38806,3744,128,2789.0,15278.76,0.0292,3.87
CAM0121,Twitter,Banner,2606,4267,240,2017.51,21497.94,0.156,0.72
CAM0122,Instagram,Banner,8398,4588,295,2265.5,537.65,0.1725,1.88
CAM0123,Instagram,Video,19767,4838,84,7034.3,20074.71,0.1545,1.21
CAM0124,Twitter,Video,55066,4342,240,767.42,3359.78,0.0829,1.53
CAM0125,Instagram,Video,99677,4329,51,2919.13,29591.6,0.0355,-0.34
CAM0126,Twitter,Banner,68454,986,76,2955.65,42536.86,0.0364,2.19
CAM0127,Facebook,Video,44003,4856,337,7694.89,480.44,0.1617,3.68
CAM0128,Google,Video,36029,2538,348,5699.19,34820.7,0.1204,3.52
CAM0129,Twitter,Video,17546,338,495,2907.74,39440.26,0.0405,4.13
CAM0130,Facebook,Banner,2778,4375,456,6634.47,46064.3,0.1413,-0.81
CAM0131,Twitter,Video,13183,164,197,9279.35,4216.08,0.1837,1.12
CAM0132,LinkedIn,Sponsored Post,10855,747,220,1956.61,30756.15,0.1027,-0.58
CAM0133,LinkedIn,Sponsored Post,30548,3720,121,5745.68,41050.37,0.1431,4.44
CAM0134,LinkedIn,Carousel,12239,2704,231,9837.08,10245.26,0.0307,-0.69
CAM0135,Instagram,Video,7368,2914,62,2640.9,18616.05,0.1924,2.41
CAM0136,Facebook,Sponsored Post,88086,493,391,9559.37,45675.78,0.1615,3.58
CAM0137,Google,Carousel,18192,2516,37,4437.72,3119.17,0.0666,2.16
CAM0138,Twitter,Sponsored Post,18608,2880,397,9547.33,29132.76,0.1813,4.33
CAM0139,Facebook,Sponsored Post,3336,468,30,700.97,24364.87,0.0498,3.27
CAM0140,Facebook,Carousel,38104,4873,404,4460.14,21809.3,0.1107,4.52
CAM0141,Google,Video,18812,127,257,4316.95,28574.11,0.1033,2.01
CAM0142,Twitter,Carousel,66089,4154,76,6254.29,38132.43,0.0188,1.55
CAM0143,Instagram,Banner,6769,2571,80,6494.31,31150.82,0.0534,-0.63
CAM0144,Instagram,Sponsored Post,38278,1876,249,6519.13,27141.06,0.1789,0.07
CAM0145,LinkedIn,Banner,75468,4059,85,7380.14,21147.8,0.0291,2.7
CAM0146,Google,Sponsored Post,27370,163,467,5119.81,2275.68,0.0762,4.91
CAM0147,Facebook,Carousel,43613,2179,229,5539.68,46309.43,0.0643,3.75
CAM0148,LinkedIn,Carousel,36033,4119,451,1445.86,2142.14,0.1975,-0.69
CAM0149,Google,Video,98326,182,323,6938.52,4335.37,0.0285,0.43
CAM0150,LinkedIn,Carousel,51982,659,187,7536.88,20533.69,0.1553,-0.73
CAM0151,LinkedIn,Banner,40326,2240,492,2070.08,42803.89,0.1279,2.21
CAM0152,Google,Sponsored Post,57923,4335,353,7268.12,5117.14,0.1899,4.02
CAM0153,Instagram,Sponsored Post,16591,4840,65,556.87,16904.72,0.1906,2.75
CAM0154,Google,Sponsored Post,57857,4446,428,4674.2,2474.74,0.1392,1.22
CAM0155,LinkedIn,Sponsored Post,98385,1357,418,9211.13,32393.24,0.0463,2.62
CAM0156,Google,Carousel,51260,4751,345,7959.96,22970.62,0.0745,1.66
CAM0157,Google,Video,61267,3846,54,4892.77,35479.43,0.0194,2.53
CAM0158,Facebook,Video,85584,2566,236,8123.05,29484.56,0.1578,4.71
CAM0159,Google,Carousel,76105,1523,188,4043.72,8709.81,0.1114,3.99
CAM0160,Facebook,Carousel,7243,14,491,5893.27,26919.43,0.0852,0.74
CAM0161,Twitter,Video,95861,2518,138,3867.57,33627.19,0.0813,4.06
CAM0162,Facebook,Sponsored Post,97188,273,389,6453.29,28197.58,0.0631,-0.82
CAM0163,Facebook,Sponsored Post,97135,4580,53,9940.52,12653.03,0.0433,3.5
CAM0164,Facebook,Sponsored Post,93643,4636,457,2564.57,33909.57,0.1631,2.5
CAM0165,Facebook,Carousel,52973,4323,156,3416.68,28787.94,0.1215,0.48
CAM0166,LinkedIn,Video,69616,1726,30,9313.59,17455.73,0.0327,1.01
CAM0167,LinkedIn,Sponsored Post,46073,561,223,7025.44,2832.57,0.1871,-0.15
CAM0168,Instagram,Banner,53115,4150,24,9452.09,23132.3,0.0614,0.59
CAM0169,Facebook,Banner,30700,2060,265,6263.66,22729.16,0.1822,1.3
CAM0170,Twitter,Sponsored Post,10499,805,329,3752.29,34782.29,0.0825,0.12
CAM0171,LinkedIn,Video,15563,4878,451,67.21,10141.0,0.1616,0.01
CAM0172,Google,Sponsored Post,29062,1072,351,5180.61,350.11,0.1678,0.38
CAM0173,LinkedIn,Carousel,20160,2811,235,5938.74,27944.38,0.0781,0.42
CAM0174,Twitter,Banner,36898,2842,468,9698.15,43327.66,0.1799,3.22
CAM0175,LinkedIn,Banner,53903,1611,91,5604.23,19986.27,0.0908,4.44
CAM0176,LinkedIn,Sponsored Post,85015,769,280,2181.04,8719.25,0.1277,0.12
CAM0177,Twitter,Banner,31250,3308,243,2008.08,44643.57,0.1738,1.47
CAM0178,Google,Sponsored Post,29673,2788,16,5670.85,49752.97,0.1196,3.66
CAM0179,Twitter,Banner,99218,645,313,9388.04,44934.94,0.125,2.56
CAM0180,Google,Video,13594,2584,13,2862.51,40187.21,0.0876,1.26
CAM0181,Instagram,Banner,35519,4957,119,4587.96,18136.69,0.0204,0.29
CAM0182,Google,Banner,50277,3399,46,3554.6,24208.39,0.1599,0.08
CAM0183,Instagram,Sponsored Post,83985,4209,433,3342.79,19899.9,0.1039,0.2
CAM0184,Instagram,Banner,6653,1729,225,9158.38,12561.82,0.0335,0.23
CAM0185,Instagram,Carousel,63564,2147,288,371.68,34235.86,0.1334,0.94
CAM0186,Twitter,Video,66909,4731,372,3010.27,30574.05,0.0625,0.11
CAM0187,Instagram,Carousel,41900,2801,5,7703.03,37629.1,0.1406,0.19
CAM0188,Instagram,Video,71675,3962,128,5524.19,42449.96,0.1441,-0.64
CAM0189,LinkedIn,Banner,50988,3544,473,1058.73,3205.96,0.1324,2.84
CAM0190,Facebook,Sponsored Post,51429,2949,441,3526.09,5144.39,0.1398,-0.92
CAM0191,Facebook,Sponsored Post,67120,3369,310,3336.47,3884.4,0.074,3.26
CAM0192,LinkedIn,Carousel,49248,4102,184,7196.71,14158.31,0.0855,4.64
CAM0193,Twitter,Video,40605,2121,410,9252.44,39332.26,0.017,2.97
CAM0194,Facebook,Video,21253,2161,418,954.9,36401.57,0.1383,2.06
CAM0195,Facebook,Video,42561,2678,20,665.39,42951.54,0.1685,0.08
CAM0196,Google,Carousel,77620,2251,241,6292.58,32843.46,0.1523,1.25
CAM0197,Google,Carousel,78830,1662,218,3735.41,23261.95,0.0734,0.52
CAM0198,Facebook,Carousel,4573,512,10,4631.77,28380.58,0.0172,2.47
CAM0199,Instagram,Sponsored Post,78142,1375,294,1663.07,3691.15,0.0942,2.41
CAM0200,Instagram,Sponsored Post,22417,1598,473,7017.76,35610.99,0.1602,3.11
CAM0201,Google,Sponsored Post,26003,2364,226,5110.39,30118.95,0.0626,3.64
CAM0202,Google,Carousel,47719,2340,439,6105.55,28473.84,0.0174,3.45
CAM0203,LinkedIn,Video,93682,3345,294,5289.19,44850.27,0.0194,-0.78
CAM0204,Instagram,Video,35003,4150,151,4841.5,928.1,0.0305,0.51
CAM0205,Instagram,Banner,45827,4027,290,8531.69,3000.81,0.123,0.69
CAM0206,LinkedIn,Carousel,86404,610,277,8391.19,10875.59,0.1977,2.14
CAM0207,Twitter,Sponsored Post,49884,2393,326,1337.4,21112.68,0.0963,4.3
CAM0208,Instagram,Banner,2675,4710,194,3937.39,37483.54,0.0227,1.56
CAM0209,Twitter,Carousel,54466,2973,491,5545.94,13748.21,0.1028,4.86
CAM0210,Twitter,Sponsored Post,66531,1729,491,547.54,12086.18,0.0176,3.78
CAM0211,Google,Sponsored Post,46846,1838,224,5195.1,8443.86,0.1099,-0.91
CAM0212,Google,Sponsored Post,12694,698,478,2337.81,45643.17,0.0264,4.44
CAM0213,Twitter,Sponsored Post,73917,1834,302,9757.21,12947.98,0.1515,-0.49
CAM0214,LinkedIn,Banner,60625,3288,11,5626.09,3160.18,0.0136,-0.09
CAM0215,Google,Carousel,16893,2023,410,4830.55,42288.06,0.1808,4.25
CAM0216,Twitter,Sponsored Post,70246,1570,98,7449.09,11937.81,0.0785,3.04
CAM0217,LinkedIn,Video,64891,1389,111,1247.86,6740.18,0.0876,-0.76
CAM0218,LinkedIn,Sponsored Post,24631,3592,36,9003.5,17023.92,0.1681,-0.36
CAM0219,Twitter,Banner,66320,3364,75,914.89,25024.55,0.0173,3.13
CAM0220,Twitter,Banner,52505,229,490,6768.62,24472.03,0.0187,-0.15
CAM0221,LinkedIn,Carousel,89580,3750,215,3625.74,23058.3,0.034,-0.74
CAM0222,LinkedIn,Carousel,94615,4089,76,772.27,11070.0,0.1496,-0.48
CAM0223,Facebook,Video,52019,3222,402,9947.26,21772.16,0.0895,0.97
CAM0224,LinkedIn,Banner,25758,3640,419,9702.56,7277.13,0.1179,1.62
CAM0225,Facebook,Video,88680,2102,390,9112.42,24196.04,0.045,3.83
CAM0226,LinkedIn,Video,1512,4675,234,1585.13,1047.9,0.1094,2.25
CAM0227,Twitter,Video,61949,3384,295,3263.16,24471.66,0.0576,-0.7
CAM0228,Google,Banner,72890,4883,330,350.23,7861.79,0.0523,4.77
CAM0229,LinkedIn,Video,62332,3955,349,6038.14,22385.29,0.1639,4.28
CAM0230,Google,Sponsored Post,74321,4683,150,3326.38,17728.56,0.1984,0.47
CAM0231,Google,Carousel,27562,4075,60,8800.79,15392.58,0.1693,1.85
CAM0232,Facebook,Sponsored Post,24039,4595,309,1025.33,38953.9,0.1388,4.03
CAM0233,Facebook,Carousel,31475,1925,102,5575.02,44755.59,0.1303,1.84
CAM0234,Instagram,Sponsored Post,62574,1239,175,1944.05,39594.71,0.1897,3.38
CAM0235,Twitter,Video,8478,2414,211,6839.52,39254.42,0.0508,3.71
CAM0236,LinkedIn,Carousel,92533,80,295,8623.18,13900.9,0.1925,3.72
CAM0237,Instagram,Video,71148,1201,485,2112.36,37638.7,0.0584,4.39
CAM0238,Facebook,Carousel,92438,1385,150,338.32,40968.62,0.1681,-0.58
CAM0239,Google,Video,59781,357,471,8493.68,9119.72,0.0953,1.47
CAM0240,Twitter,Video,30925,4169,129,3562.39,48214.19,0.0371,2.52
CAM0241,Twitter,Carousel,89389,348,259,2060.47,28038.34,0.0301,2.54
CAM0242,Google,Carousel,80799,4017,403,7241.49,38941.83,0.1107,4.3
CAM0243,Google,Carousel,39831,580,284,7468.54,49504.81,0.1836,2.79
CAM0244,Twitter,Video,62545,2263,350,4330.91,47337.93,0.0726,2.02
CAM0245,LinkedIn,Banner,50987,4248,488,7246.36,12201.66,0.1218,0.02
CAM0246,Instagram,Sponsored Post,64990,1192,315,8516.88,3955.24,0.0494,0.27
CAM0247,Facebook,Video,1258,3239,392,5248.58,43289.08,0.0535,-0.24
CAM0248,LinkedIn,Banner,32545,3097,492,4983.75,37761.53,0.0508,-0.67
CAM0249,LinkedIn,Carousel,87053,4874,266,5924.25,44658.2,0.1801,3.31
CAM0250,Twitter,Video,13306,1410,130,9782.75,43284.6,0.0863,0.89
CAM0251,Facebook,Carousel,68703,4542,19,6422.05,12422.24,0.0514,1.35
CAM0252,LinkedIn,Carousel,37710,2318,81,504.75,41336.42,0.1529,4.04
CAM0253,LinkedIn,Video,25164,4329,356,6682.9,22864.71,0.0346,3.83
CAM0254,Facebook,Sponsored Post,79009,2354,26,9019.71,36805.58,0.1698,0.39
CAM0255,Google,Sponsored Post,85892,3619,124,9372.2,17869.66,0.178,-0.03
CAM0256,Facebook,Banner,2307,1368,439,1046.44,41519.56,0.0793,2.83
CAM0257,Facebook,Carousel,38387,4044,365,7524.08,45849.21,0.1129,0.84
CAM0258,Instagram,Sponsored Post,26349,3833,183,9735.34,10386.33,0.1891,4.92
CAM0259,Twitter,Banner,30163,49,60,2094.12,17336.29,0.0104,-0.2
CAM0260,LinkedIn,Banner,60176,3230,298,7061.17,48990.76,0.0629,3.04
CAM0261,LinkedIn,Carousel,92796,3563,456,3810.07,46484.42,0.0895,4.21
CAM0262,Google,Video,71844,4246,257,6138.09,9647.23,0.0588,2.25
CAM0263,Facebook,Sponsored Post,11716,4254,406,6556.01,4056.28,0.0372,4.04
CAM0264,Twitter,Video,89568,517,388,5930.31,38507.47,0.1131,3.57
CAM0265,Facebook,Video,40574,3416,483,5153.36,15670.25,0.1216,1.33
CAM0266,LinkedIn,Banner,96002,1900,229,3066.09,20768.13,0.1189,0.14
CAM0267,Twitter,Video,69773,3464,104,4126.62,46963.77,0.0552,0.01
CAM0268,Facebook,Video,33749,1559,23,9984.09,42113.41,0.1893,-0.93
CAM0269,Instagram,Carousel,63773,397,193,7537.85,15380.96,0.1752,0.48
CAM0270,Instagram,Video,69806,134,26,5364.88,26861.0,0.1833,0.64
CAM0271,LinkedIn,Video,9244,2748,478,3447.43,34354.1,0.0364,3.52
CAM0272,Google,Carousel,79245,2951,173,1166.51,39110.13,0.0312,0.65
CAM0273,LinkedIn,Sponsored Post,96290,319,17,9734.57,9566.84,0.0632,1.95
CAM0274,Twitter,Banner,57291,1754,175,3506.05,41813.05,0.1491,1.39
CAM0275,Instagram,Banner,92014,3950,442,8240.51,41717.99,0.0963,1.42
CAM0276,Twitter,Video,79673,1627,357,8609.96,48465.84,0.1837,2.37
CAM0277,Google,Sponsored Post,56507,1341,31,9633.1,40433.23,0.1311,0.2
CAM0278,Instagram,Video,49497,1640,129,388.41,4826.7,0.1747,3.13
CAM0279,Twitter,Video,63091,2141,157,5455.19,12912.0,0.1832,-0.87
CAM0280,Facebook,Banner,85137,2455,123,5680.81,45385.18,0.1472,-0.86
CAM0281,Twitter,Video,63566,3296,344,8464.6,36512.32,0.0232,1.11
CAM0282,Instagram,Video,92787,4263,42,7132.26,47451.71,0.1984,3.81
CAM0283,Twitter,Banner,44840,826,35,6368.03,22164.55,0.1857,3.64
CAM0284,Instagram,Carousel,68967,556,13,4444.46,37668.71,0.1527,3.99
CAM0285,Google,Video,53560,4615,311,6081.03,5371.82,0.044,1.08
CAM0286,Instagram,Video,27261,275,468,5661.84,44866.67,0.0367,1.04
CAM0287,Twitter,Banner,21182,1237,227,4508.36,36772.54,0.1378,0.98
CAM0288,Instagram,Banner,16098,1825,488,9985.37,36321.8,0.1449,-0.87
CAM0289,LinkedIn,Sponsored Post,30425,835,139,3733.62,6146.16,0.043,-0.3
CAM0290,LinkedIn,Banner,67122,715,438,6595.07,39586.64,0.1234,-0.26
CAM0291,Twitter,Banner,6383,2819,348,9897.2,29689.81,0.1768,1.49
CAM0292,LinkedIn,Carousel,36612,1206,270,7279.56,12714.39,0.176,1.5
CAM0293,LinkedIn,Carousel,17803,4449,348,3727.43,39819.29,0.1407,1.51
CAM0294,Twitter,Sponsored Post,11318,681,6,3504.38,22467.72,0.128,1.26
CAM0295,Twitter,Carousel,37978,1845,207,8148.72,10537.23,0.1789,2.86
CAM0296,Instagram,Carousel,39396,1671,478,3915.58,42770.41,0.0362,2.84
CAM0297,Twitter,Carousel,96290,333,276,4360.11,38808.76,0.188,-0.56
CAM0298,Instagram,Video,57278,4219,266,3822.84,25413.98,0.157,3.76
CAM0299,LinkedIn,Sponsored Post,62867,282,226,3210.13,9374.69,0.0743,1.1
CAM0300,Instagram,Banner,99753,3268,162,301.77,1954.05,0.1305,3.56
CAM0301,Twitter,Video,67831,4903,394,1827.52,8401.31,0.1803,4.41
CAM0302,LinkedIn,Video,29683,1643,454,4576.68,8752.1,0.1615,-0.72
CAM0303,Instagram,Video,46149,2087,404,5027.03,13604.77,0.183,-0.57
CAM0304,Facebook,Carousel,60053,737,206,4425.3,33765.51,0.1339,1.33
CAM0305,Twitter,Sponsored Post,89376,1343,380,219.23,21366.47,0.0808,4.18
CAM0306,Facebook,Sponsored Post,73631,3328,190,7461.12,9719.85,0.0893,2.98
CAM0307,Twitter,Sponsored Post,10309,644,223,785.26,39444.98,0.0335,1.98
CAM0308,Twitter,Sponsored Post,86773,94,105,4810.66,20596.27,0.1307,2.5
CAM0309,Facebook,Banner,69463,2169,243,879.72,20760.15,0.1318,0.34
CAM0310,Instagram,Sponsored Post,52503,2849,479,7585.69,24434.3,0.1513,-0.29
CAM0311,Instagram,Video,64692,2444,448,2173.61,24662.76,0.0175,0.69
CAM0312,Google,Video,75194,4380,366,4461.81,48129.4,0.1341,1.34
CAM0313,Google,Carousel,87690,1597,207,8854.25,18802.12,0.0565,0.49
CAM0314,Facebook,Banner,63223,1117,62,5655.34,2574.09,0.0693,2.83
CAM0315,Google,Sponsored Post,8251,4804,474,2102.42,38048.3,0.0205,0.63
CAM0316,LinkedIn,Sponsored Post,81995,1909,43,2832.25,3585.47,0.0323,-0.12
CAM0317,Facebook,Banner,52330,4657,461,1371.86,3314.24,0.174,3.1
CAM0318,Instagram,Sponsored Post,75315,3557,135,8446.21,8832.87,0.0396,0.76
CAM0319,Facebook,Video,50170,3945,179,4051.1,49651.27,0.0168,2.24
CAM0320,Facebook,Video,43322,3520,134,6570.6,48923.15,0.1882,4.46
CAM0321,Instagram,Sponsored Post,59292,3097,461,3183.27,15771.21,0.1948,4.53
CAM0322,Instagram,Sponsored Post,40359,4598,201,3497.47,17678.93,0.1264,1.51
CAM0323,Google,Banner,98288,3001,99,4254.36,30222.02,0.1766,2.57
CAM0324,Facebook,Carousel,39582,814,284,6633.91,9491.41,0.0708,3.14
CAM0325,Google,Sponsored Post,74372,2565,479,9746.61,49862.83,0.0872,-0.23
CAM0326,Instagram,Banner,5830,270,421,7322.92,2276.74,0.0558,-0.93
CAM0327,Facebook,Video,70675,619,474,2988.2,20614.47,0.0483,-0.73
CAM0328,Twitter,Banner,90499,3247,419,7376.77,35241.71,0.1791,-0.38
CAM0329,Facebook,Carousel,6139,4166,300,3009.25,30033.8,0.044,-0.52
CAM0330,Google,Carousel,28171,1518,201,9011.69,18825.79,0.1398,-0.55
CAM0331,LinkedIn,Sponsored Post,61592,2349,349,3283.82,30703.39,0.1335,3.98
CAM0332,Facebook,Video,93124,3450,29,4882.29,8266.76,0.1892,-0.28
CAM0333,Twitter,Video,49195,588,4,9898.15,12894.34,0.0536,4.98
CAM0334,Facebook,Banner,8215,3677,25,7946.55,34101.85,0.1012,-0.47
CAM0335,Instagram,Carousel,7132,783,222,1307.04,12450.34,0.127,2.5
CAM0336,Facebook,Carousel,77650,2626,168,1481.05,37163.54,0.0746,-0.15
CAM0337,LinkedIn,Video,75541,4241,26,4730.75,16042.54,0.1279,3.7
CAM0338,Twitter,Carousel,12756,3561,401,1459.87,40084.38,0.0493,1.58
CAM0339,LinkedIn,Banner,84803,4716,235,7828.88,22915.2,0.1301,2.32
CAM0340,Twitter,Sponsored Post,10212,1831,491,848.47,20948.83,0.1368,1.22
CAM0341,Facebook,Video,61319,2888,210,1571.32,974.27,0.188,4.75
CAM0342,Instagram,Sponsored Post,66065,209,355,3834.9,42675.88,0.1156,1.64
CAM0343,Instagram,Sponsored Post,13240,3143,77,8832.79,3165.36,0.1687,-0.54
CAM0344,LinkedIn,Carousel,97840,2046,301,6133.11,40059.15,0.1231,4.41
CAM0345,Google,Sponsored Post,59540,1266,115,7789.89,6228.73,0.0531,1.57
CAM0346,Facebook,Carousel,73237,1331,45,2214.02,7618.08,0.1239,1.63
CAM0347,LinkedIn,Banner,85854,441,385,769.2,34631.17,0.1777,4.13
CAM0348,LinkedIn,Carousel,61652,2851,367,1728.81,4892.45,0.0167,1.66
CAM0349,Facebook,Banner,32991,4267,122,5404.21,26610.76,0.1258,0.58
CAM0350,Instagram,Carousel,13480,4729,297,8166.7,33079.16,0.1184,1.02
CAM0351,Google,Carousel,38549,3373,136,4664.73,33403.75,0.0477,-0.94
CAM0352,Twitter,Banner,82763,339,425,1894.01,6480.68,0.1949,0.78
CAM0353,LinkedIn,Banner,68997,1855,165,2100.43,41815.57,0.0996,4.85
CAM0354,Google,Banner,59677,1727,488,449.67,39987.11,0.0895,3.78
CAM0355,Instagram,Banner,78339,985,123,9075.32,2141.6,0.1156,3.6
CAM0356,Google,Banner,67792,3730,285,7964.24,10405.56,0.108,-0.73
CAM0357,Twitter,Carousel,70092,702,153,4149.61,13412.71,0.0311,1.58
CAM0358,Twitter,Sponsored Post,3502,97,9,9603.15,11696.56,0.0299,1.18
CAM0359,LinkedIn,Banner,17602,2469,481,240.01,21333.54,0.1587,2.76
CAM0360,Twitter,Carousel,43700,1282,207,5705.85,41716.35,0.0934,0.48
CAM0361,Twitter,Carousel,25532,2185,209,9382.88,34832.31,0.149,3.79
CAM0362,Instagram,Carousel,87709,3916,85,923.71,8305.11,0.1647,3.22
CAM0363,Google,Banner,89214,2974,69,5977.94,44758.84,0.1128,2.15
CAM0364,Twitter,Video,68543,3478,37,4891.44,27721.77,0.0503,2.73
CAM0365,Instagram,Sponsored Post,56806,63,110,3664.85,42594.72,0.1071,-0.02
CAM0366,Google,Carousel,55281,2699,179,1777.27,8605.91,0.0744,4.62
CAM0367,Instagram,Carousel,27517,251,145,4003.25,48230.42,0.1749,1.65
CAM0368,Instagram,Carousel,64490,4142,236,8214.66,47284.93,0.125,-0.2
CAM0369,Twitter,Video,49045,4861,438,6978.1,10041.49,0.0699,0.25
CAM0370,LinkedIn,Banner,97919,1752,273,6198.79,32829.09,0.1355,3.82
CAM0371,Twitter,Video,61553,3282,103,3353.04,14530.57,0.0152,4.48
CAM0372,Instagram,Carousel,9758,1959,497,8058.24,2257.14,0.0652,0.89
CAM0373,LinkedIn,Sponsored Post,58466,3651,208,2831.23,13277.84,0.0233,3.71
CAM0374,LinkedIn,Video,94721,4487,305,7495.11,777.18,0.1308,2.16
CAM0375,Twitter,Sponsored Post,31942,4469,76,7433.16,23597.64,0.1473,3.39
CAM0376,Instagram,Sponsored Post,41609,1188,240,9017.45,40296.16,0.0431,0.37
CAM0377,LinkedIn,Carousel,40150,4008,350,3868.94,3041.0,0.0697,3.85
CAM0378,Google,Video,30298,673,373,7604.31,11273.9,0.1243,2.64
CAM0379,Google,Carousel,53125,2968,217,7591.32,4133.2,0.0282,-0.81
CAM0380,Instagram,Banner,99635,1966,34,3747.91,20745.89,0.1522,3.17
CAM0381,Instagram,Banner,79581,2674,354,4169.55,18048.75,0.0111,-0.83
CAM0382,LinkedIn,Carousel,22900,513,36,2857.2,31434.51,0.1724,0.93
CAM0383,Google,Banner,77189,133,410,6712.27,31394.75,0.1247,2.15
CAM0384,Facebook,Video,80785,2307,334,6554.76,45884.05,0.1736,0.2
CAM0385,Instagram,Sponsored Post,65592,2218,235,4580.32,2010.16,0.0529,3.24
CAM0386,Instagram,Banner,11225,418,243,2862.51,11364.29,0.188,4.65
CAM0387,LinkedIn,Banner,94775,3386,56,938.34,44851.82,0.1707,3.02
CAM0388,Twitter,Sponsored Post,68420,1958,481,1385.94,38756.38,0.0274,0.96
CAM0389,Instagram,Banner,16967,2958,410,9994.14,22310.73,0.053,1.87
CAM0390,Twitter,Carousel,93798,1048,200,8588.31,4283.07,0.0957,-0.62
CAM0391,Google,Sponsored Post,11100,527,430,7201.72,7461.09,0.0353,4.97
CAM0392,Twitter,Video,88761,2592,325,7728.21,42105.67,0.1126,4.58
CAM0393,Facebook,Sponsored Post,37540,3644,383,8637.45,787.54,0.0662,1.04
CAM0394,LinkedIn,Banner,52949,1923,474,4013.27,6844.41,0.1595,2.75
CAM0395,LinkedIn,Banner,28914,1043,216,4615.01,21314.92,0.1001,0.52
CAM0396,LinkedIn,Video,66444,2721,84,4139.71,2086.58,0.1496,1.06
CAM0397,Facebook,Banner,41443,251,23,8939.21,34032.89,0.1305,4.07
CAM0398,LinkedIn,Carousel,12710,320,442,6376.84,41973.45,0.0791,-0.61
CAM0399,Twitter,Carousel,48957,4811,346,6408.95,48647.15,0.144,1.15
CAM0400,Facebook,Banner,46164,94,325,820.31,26720.12,0.0604,3.29
CAM0401,Facebook,Banner,59387,4263,282,7574.5,43390.38,0.1308,4.0
CAM0402,Twitter,Banner,96113,741,239,1062.61,18730.54,0.0592,-0.52
CAM0403,LinkedIn,Carousel,10322,1499,47,797.58,49379.48,0.1409,1.71
CAM0404,Google,Banner,72827,3303,394,114.8,20773.03,0.0794,3.84
CAM0405,Instagram,Sponsored Post,37586,4053,247,6691.29,21188.06,0.0972,3.76
CAM0406,Facebook,Carousel,59590,3291,467,6965.2,32350.77,0.0714,-0.13
CAM0407,Google,Sponsored Post,88886,240,316,1621.05,29220.85,0.1487,2.76
CAM0408,Instagram,Sponsored Post,97771,117,117,7515.32,44313.87,0.0104,3.88
CAM0409,Google,Sponsored Post,13992,106,453,5161.94,17691.91,0.1859,4.41
CAM0410,Instagram,Video,65445,3325,272,4028.47,18622.68,0.0714,2.3
CAM0411,Google,Video,17895,4008,386,8216.39,20894.06,0.0105,0.47
CAM0412,Facebook,Sponsored Post,24411,3619,409,720.24,42152.86,0.0104,0.03
CAM0413,Google,Banner,4610,2242,273,7550.82,5232.61,0.0332,4.55
CAM0414,Instagram,Video,62464,3411,131,2154.03,1246.96,0.1766,2.17
CAM0415,Google,Sponsored Post,51722,3602,250,2950.31,12866.84,0.0208,2.51
CAM0416,Instagram,Video,92890,238,61,3066.59,46581.96,0.0758,0.63
CAM0417,Instagram,Banner,98526,515,346,6311.08,701.76,0.1433,-0.07
CAM0418,Google,Carousel,34913,2619,259,9505.68,34279.96,0.0745,0.48
CAM0419,Google,Sponsored Post,93336,1355,433,7466.53,6726.72,0.1369,-0.25
CAM0420,Google,Video,42950,898,495,5124.87,34716.47,0.1453,-0.45
CAM0421,Facebook,Sponsored Post,25968,2832,160,3545.71,34415.22,0.0358,3.26
CAM0422,Twitter,Banner,69284,695,275,3478.83,27036.77,0.0662,0.46
CAM0423,Instagram,Carousel,98946,4397,123,6386.28,43883.48,0.169,4.3
CAM0424,Twitter,Banner,2826,1515,300,5430.78,4800.62,0.0954,3.87
CAM0425,Instagram,Video,33841,4878,106,8630.75,2059.71,0.1049,-0.88
CAM0426,Twitter,Banner,91250,4843,312,9566.67,14677.19,0.1985,4.38
CAM0427,Facebook,Banner,20715,4349,259,4409.89,13196.02,0.1672,3.61
CAM0428,Twitter,Carousel,24129,1705,244,732.14,3095.66,0.0769,3.14
CAM0429,Google,Sponsored Post,44158,1954,306,6414.42,28897.84,0.031,0.41
CAM0430,LinkedIn,Carousel,30542,791,233,8881.49,11936.51,0.1295,4.68
CAM0431,Google,Sponsored Post,54460,2119,26,1631.54,6675.21,0.1307,0.5
CAM0432,Facebook,Video,8668,302,274,7484.47,26205.12,0.0408,4.78
CAM0433,Facebook,Video,2451,3465,342,5359.39,34856.58,0.1349,2.62
CAM0434,Instagram,Sponsored Post,41396,3318,354,9993.08,19469.6,0.1186,4.16
CAM0435,Facebook,Banner,11165,2805,95,5357.6,12781.92,0.1631,2.7
CAM0436,LinkedIn,Carousel,58795,175,167,3097.18,30527.17,0.1424,-0.35
CAM0437,Twitter,Sponsored Post,73277,3148,406,9871.58,22278.62,0.0625,4.76
CAM0438,Google,Video,52605,1682,90,3460.34,10680.64,0.1924,4.8
CAM0439,Instagram,Banner,47703,2486,292,3500.92,750.0,0.0152,0.82
CAM0440,Google,Banner,59425,3620,270,2701.45,16692.8,0.1114,2.08
CAM0441,Facebook,Sponsored Post,82953,868,417,5927.79,6634.91,0.171,4.36
CAM0442,Twitter,Carousel,69028,195,493,7078.65,12148.39,0.0199,4.87
CAM0443,Instagram,Video,61173,4690,179,8546.06,17184.57,0.174,2.44
CAM0444,Facebook,Video,59527,1798,271,8104.53,36298.22,0.1602,-0.22
CAM0445,Twitter,Carousel,41741,1360,381,1088.31,6781.43,0.1667,0.58
CAM0446,LinkedIn,Video,68895,3308,218,4879.52,43535.3,0.1528,-0.24
CAM0447,Google,Carousel,68771,3277,320,8382.84,30398.79,0.12,3.82
CAM0448,Facebook,Video,37579,3541,455,1988.93,17790.94,0.1243,-0.35
CAM0449,Twitter,Video,97646,3673,431,1217.44,18583.13,0.0674,1.52
CAM0450,Facebook,Banner,35386,4850,60,5571.2,12011.64,0.0538,-0.68
CAM0451,Facebook,Carousel,56753,1529,364,6551.26,24638.63,0.0631,2.73
CAM0452,LinkedIn,Video,18921,3102,288,8220.49,24837.44,0.0169,0.43
CAM0453,Google,Video,34079,3845,171,4434.32,14294.56,0.1217,3.35
CAM0454,Google,Video,83571,3086,119,1173.06,31971.13,0.0788,3.57
CAM0455,Twitter,Sponsored Post,94868,3654,162,9610.73,46764.44,0.0625,3.31
CAM0456,LinkedIn,Carousel,30918,4389,436,6044.24,23089.8,0.1543,2.87
CAM0457,Facebook,Sponsored Post,36694,1831,234,9957.51,42036.52,0.1417,0.29
CAM0458,Twitter,Sponsored Post,30287,1807,196,3958.44,14828.55,0.1511,1.05
CAM0459,Google,Banner,42919,2351,445,9690.42,18744.78,0.0744,1.02
CAM0460,LinkedIn,Sponsored Post,39296,523,324,7958.85,7092.15,0.032,0.67
CAM0461,Google,Carousel,99428,2935,284,2156.16,21494.5,0.0986,2.44
CAM0462,Facebook,Banner,94753,4626,153,2515.16,18644.58,0.077,0.39
CAM0463,Google,Banner,22559,2472,451,5538.34,44634.74,0.1712,-0.35
CAM0464,Twitter,Carousel,48707,3188,80,2433.02,44169.66,0.0167,0.13
CAM0465,Google,Sponsored Post,78737,1130,36,1012.7,10014.22,0.0407,4.52
CAM0466,Google,Video,7786,975,29,304.84,37824.6,0.0541,1.99
CAM0467,Google,Video,26415,2606,153,89.28,23971.6,0.1149,3.72
CAM0468,Facebook,Banner,54171,1261,492,5411.86,39551.04,0.0385,1.86
CAM0469,Google,Carousel,82574,2998,288,1413.21,25132.85,0.1197,2.79
CAM0470,Instagram,Video,51580,3222,430,3814.77,233.34,0.1274,2.98
CAM0471,LinkedIn,Banner,25168,3103,258,1727.18,13334.97,0.0671,2.84
CAM0472,Google,Carousel,39897,751,290,859.78,20411.95,0.1779,0.15
CAM0473,LinkedIn,Sponsored Post,1396,243,334,3462.59,31747.28,0.1035,-0.32
CAM0474,LinkedIn,Banner,31969,2115,148,5798.63,29995.2,0.1813,-0.82
CAM0475,Google,Banner,10072,3910,36,5126.65,3056.71,0.113,3.23
CAM0476,Instagram,Banner,7821,1027,176,6033.93,35797.78,0.1782,3.17
CAM0477,Twitter,Sponsored Post,19882,2694,330,5331.89,44004.21,0.1951,0.14
CAM0478,LinkedIn,Banner,74991,752,87,3822.03,25018.98,0.1984,1.76
CAM0479,Twitter,Carousel,37438,1681,474,8465.17,47491.52,0.0552,0.12
CAM0480,LinkedIn,Banner,42676,1453,262,9846.15,40333.51,0.0909,4.93
CAM0481,Instagram,Video,43671,2211,276,668.7,26567.88,0.0914,4.33
CAM0482,Instagram,Sponsored Post,29050,2236,168,4903.02,35983.97,0.1617,-0.45
CAM0483,Twitter,Carousel,79501,4068,61,4637.48,46251.53,0.0224,1.76
CAM0484,Facebook,Video,45982,339,19,4619.67,32415.62,0.1325,0.53
CAM0485,LinkedIn,Carousel,93786,2411,451,7005.66,29314.68,0.0348,1.02
CAM0486,Instagram,Banner,11730,3073,126,4279.26,24913.04,0.1912,3.23
CAM0487,Google,Banner,75192,4838,255,9441.91,26223.88,0.0503,3.95
CAM0488,Facebook,Video,68074,4699,24,8283.4,22177.86,0.052,0.71
CAM0489,Twitter,Banner,47120,786,140,2134.37,44594.35,0.0375,0.11
CAM0490,Instagram,Video,37339,2067,273,1317.42,36182.97,0.1697,3.78
CAM0491,Instagram,Banner,71241,3683,446,4289.25,14478.16,0.0179,-0.26
CAM0492,Facebook,Carousel,22714,4977,433,3932.62,13169.9,0.0786,4.18
CAM0493,Twitter,Sponsored Post,21607,4741,133,7755.92,16993.53,0.0678,3.54
CAM0494,Twitter,Sponsored Post,72945,3126,6,3803.31,20591.42,0.0628,1.8
CAM0495,Instagram,Sponsored Post,38432,651,271,2572.79,46199.61,0.1364,1.51
CAM0496,Google,Carousel,13473,783,462,2976.07,3933.48,0.1096,2.96
CAM0497,Facebook,Sponsored Post,51056,4601,187,3670.21,31660.78,0.1281,0.5
CAM0498,Twitter,Video,57574,517,340,3340.63,49286.54,0.1155,3.44
CAM0499,Twitter,Banner,91598,4753,430,6441.6,18055.95,0.0595,3.88
CAM0500,LinkedIn,Sponsored Post,55016,4015,218,5041.37,15226.79,0.1737,4.89
CAM0501,LinkedIn,Sponsored Post,70330,2825,222,4475.98,36978.79,0.0354,0.33
CAM0502,Twitter,Video,96031,4745,151,9510.09,44584.98,0.0552,1.06
CAM0503,LinkedIn,Carousel,37201,499,330,2121.66,16642.63,0.1533,2.07
CAM0504,Google,Video,42259,3936,420,8139.25,11226.2,0.0978,3.58
CAM0505,Twitter,Sponsored Post,41752,1084,179,5613.77,9193.68,0.1799,2.8
CAM0506,Twitter,Carousel,98230,391,72,1958.68,36723.18,0.1787,1.13
CAM0507,Instagram,Banner,60079,3465,124,6523.07,720.91,0.1898,-0.69
CAM0508,Facebook,Banner,8039,4184,312,7159.35,41286.09,0.0265,4.01
CAM0509,Twitter,Sponsored Post,97037,978,111,1828.72,49006.19,0.0829,0.15
CAM0510,Google,Sponsored Post,39640,1265,48,1307.37,23512.32,0.0307,1.65
CAM0511,Instagram,Video,16762,2843,150,5723.26,5988.13,0.1355,4.19
CAM0512,Google,Sponsored Post,11990,2354,282,6513.13,538.91,0.1091,1.72
CAM0513,Twitter,Video,42602,2718,341,7629.31,9131.48,0.1214,3.69
CAM0514,Facebook,Sponsored Post,82632,2254,160,2471.13,22677.23,0.198,4.23
CAM0515,Twitter,Carousel,71101,1744,262,7185.48,16588.33,0.134,1.43
CAM0516,Facebook,Carousel,29317,1032,475,4736.2,14889.56,0.1185,0.9
CAM0517,Facebook,Sponsored Post,25026,4433,220,4879.22,27027.39,0.1998,2.48
CAM0518,LinkedIn,Sponsored Post,51555,1557,304,4843.81,48351.35,0.1653,3.87
CAM0519,Instagram,Video,37883,3879,184,3583.68,7680.91,0.1164,4.48
CAM0520,Facebook,Carousel,51519,4142,352,147.25,41664.9,0.1025,0.35
CAM0521,Facebook,Carousel,24275,3722,490,5723.16,21460.48,0.0404,2.18
CAM0522,Google,Video,41868,1429,322,9393.82,13239.17,0.0735,2.7
CAM0523,Google,Video,10195,3936,130,9820.42,7743.96,0.0638,2.26
CAM0524,Facebook,Carousel,13982,293,420,4513.41,11413.02,0.0243,3.32
CAM0525,Facebook,Carousel,67889,2063,263,137.82,19519.68,0.1245,3.88
CAM0526,Instagram,Sponsored Post,43464,1104,266,8424.92,18287.71,0.164,0.48
CAM0527,Twitter,Banner,18042,4254,385,3268.3,42055.67,0.0353,-0.71
CAM0528,Google,Banner,16184,19,463,5737.81,33018.46,0.0408,-0.91
CAM0529,Instagram,Carousel,77955,128,319,7224.72,158.27,0.0237,3.51
CAM0530,Instagram,Video,82152,3916,296,1730.06,46887.77,0.1923,1.88
CAM0531,Instagram,Banner,73482,3348,169,985.64,24002.55,0.1138,1.53
CAM0532,Instagram,Carousel,32558,793,244,2825.89,29497.97,0.0516,1.05
CAM0533,Facebook,Carousel,12387,4160,290,8180.74,36614.39,0.114,3.56
CAM0534,Facebook,Banner,23003,1578,133,4210.87,40021.21,0.0937,2.35
CAM0535,LinkedIn,Carousel,25008,54,297,6126.69,14333.27,0.1722,0.66
CAM0536,Twitter,Carousel,22387,79,308,8656.01,25603.04,0.1134,1.09
CAM0537,Facebook,Banner,59188,2095,204,994.27,13300.02,0.0298,4.4
CAM0538,Twitter,Video,19644,412,221,2939.38,40718.27,0.1786,2.13
CAM0539,Google,Carousel,34230,2172,483,2139.97,19706.43,0.0618,-0.36
CAM0540,Twitter,Video,54998,3906,304,3368.66,40334.41,0.1844,-0.98
CAM0541,LinkedIn,Video,91960,1533,289,5054.54,21665.81,0.048,-0.82
CAM0542,Twitter,Sponsored Post,2363,3891,80,7773.5,39897.83,0.1857,2.52
CAM0543,Instagram,Banner,3206,2719,53,340.9,2862.0,0.178,0.48
CAM0544,Facebook,Banner,40318,4072,455,9162.06,24354.49,0.1164,2.28
CAM0545,Twitter,Sponsored Post,26332,3596,122,8391.64,31235.36,0.1677,0.92
CAM0546,LinkedIn,Video,10317,1850,23,2782.5,39919.66,0.1016,1.48
CAM0547,Twitter,Carousel,7671,1485,261,4498.47,3435.16,0.0758,4.97
CAM0548,Instagram,Banner,76687,3385,170,2014.41,33273.74,0.1554,-0.93
CAM0549,LinkedIn,Sponsored Post,13838,514,386,867.91,28599.94,0.1233,4.32
CAM0550,Google,Banner,43270,3795,316,2413.65,40808.4,0.0362,0.3
CAM0551,LinkedIn,Video,24384,2360,6,8380.37,36271.87,0.1273,-0.28
CAM0552,LinkedIn,Banner,35452,3632,256,6623.0,2865.07,0.0977,3.6
CAM0553,Twitter,Carousel,71242,1751,102,9148.09,12535.73,0.116,0.78
CAM0554,Twitter,Carousel,21185,1901,81,4361.75,48805.87,0.024,1.24
CAM0555,Facebook,Carousel,4548,743,130,1859.87,34156.52,0.1783,0.66
CAM0556,LinkedIn,Carousel,6509,4809,319,4496.2,29379.75,0.0391,3.71
CAM0557,Instagram,Carousel,70230,3817,151,4228.6,31323.74,0.0357,4.34
CAM0558,Facebook,Sponsored Post,28155,4992,278,5880.89,9783.66,0.0914,1.44
CAM0559,Google,Banner,90797,1895,320,3401.08,25427.37,0.0202,-0.75
CAM0560,Facebook,Sponsored Post,66352,4976,484,7214.64,11828.82,0.1471,4.81
CAM0561,Google,Banner,47359,2037,63,5957.15,6027.4,0.1961,-0.62
CAM0562,Twitter,Carousel,85112,189,125,2998.24,41532.22,0.1783,2.18
CAM0563,LinkedIn,Banner,7155,3652,104,3783.07,16672.71,0.1905,2.57
CAM0564,Facebook,Video,68721,4584,61,3645.87,8436.37,0.1748,0.1
CAM0565,Instagram,Carousel,6994,4942,477,2061.62,32749.81,0.0564,2.27
CAM0566,Twitter,Carousel,98213,910,487,5836.67,17165.27,0.0437,2.04
CAM0567,LinkedIn,Video,98189,4004,20,1975.51,49340.34,0.0829,0.7
CAM0568,Facebook,Carousel,15354,4326,215,4158.26,789.87,0.0112,2.03
CAM0569,Google,Carousel,12288,2814,195,9205.68,41198.3,0.1305,2.63
CAM0570,Twitter,Carousel,33917,4325,280,2074.16,46586.74,0.1356,2.91
CAM0571,Facebook,Video,15975,1002,83,8762.15,41584.93,0.1289,-0.26
CAM0572,LinkedIn,Video,25442,4738,232,8642.17,10991.82,0.052,3.85
CAM0573,Facebook,Sponsored Post,61437,2801,380,7920.04,23697.63,0.1051,0.5
CAM0574,Google,Video,57699,487,5,3903.31,22411.0,0.0647,4.08
CAM0575,LinkedIn,Video,19388,1945,292,2246.89,10804.29,0.0644,3.01
CAM0576,LinkedIn,Banner,66748,461,444,1894.87,25515.99,0.1173,-0.21
CAM0577,Google,Banner,51074,3564,311,2960.51,22415.53,0.0103,-0.67
CAM0578,Twitter,Video,22436,1351,477,5121.97,40852.5,0.0235,3.37
CAM0579,Facebook,Carousel,38284,3659,174,4055.8,8802.48,0.0623,4.44
CAM0580,Google,Video,86539,2871,234,5983.73,11178.61,0.1996,2.05
CAM0581,Google,Sponsored Post,49092,134,286,850.58,5851.56,0.1412,3.05
CAM0582,LinkedIn,Video,79536,2549,193,1591.93,6487.64,0.0399,0.23
CAM0583,Instagram,Video,83490,4528,260,242.89,17922.87,0.1074,-0.37
CAM0584,Google,Video,78657,331,60,536.06,17930.36,0.0572,0.17
CAM0585,Facebook,Sponsored Post,74886,1245,499,1445.77,31831.1,0.1793,2.91
CAM0586,Twitter,Sponsored Post,14931,3272,300,8018.19,14857.72,0.0322,3.72
CAM0587,Twitter,Video,44558,3905,207,8055.59,7783.0,0.0158,3.22
CAM0588,LinkedIn,Banner,22034,2370,126,4673.08,7993.08,0.1107,4.45
CAM0589,Google,Carousel,74745,1703,85,6332.78,33887.9,0.1894,1.21
CAM0590,Instagram,Sponsored Post,73823,3474,124,9096.19,33427.53,0.1318,2.55
CAM0591,Google,Banner,44930,555,349,7357.83,41424.6,0.1343,0.53
CAM0592,Twitter,Carousel,47096,1684,157,9536.68,47503.59,0.1443,0.65
CAM0593,LinkedIn,Carousel,10803,4071,410,2024.21,35592.59,0.1643,-0.02
CAM0594,Google,Video,85524,567,154,3367.86,5760.77,0.1513,1.36
CAM0595,Google,Carousel,82618,3029,442,9849.99,31125.79,0.0713,4.96
CAM0596,Facebook,Carousel,97318,249,72,6835.22,780.53,0.1343,0.91
CAM0597,Facebook,Video,30318,2172,33,125.45,47513.35,0.0974,-0.91
CAM0598,LinkedIn,Video,52783,2738,265,2195.67,49436.05,0.1051,1.25
CAM0599,Twitter,Banner,26795,2662,93,1155.69,18348.0,0.0824,4.18
CAM0600,Twitter,Sponsored Post,47035,4425,204,8702.07,6226.38,0.1963,1.31
CAM0601,Twitter,Sponsored Post,6789,3841,100,1830.27,16310.23,0.1787,3.02
CAM0602,Facebook,Sponsored Post,56280,4399,190,5165.26,31356.49,0.1022,4.06
CAM0603,Twitter,Sponsored Post,68858,2753,413,8693.45,13902.43,0.0565,0.55
CAM0604,Twitter,Banner,8136,1402,361,2858.31,27227.97,0.1624,4.79
CAM0605,LinkedIn,Video,48177,3125,450,1351.21,3389.71,0.1279,-0.84
CAM0606,Instagram,Video,40126,1468,155,2618.54,32659.62,0.0464,3.26
CAM0607,LinkedIn,Banner,76943,1148,417,8141.55,23884.51,0.0318,1.17
CAM0608,Facebook,Sponsored Post,38964,2168,287,5266.43,21915.07,0.1651,4.52
CAM0609,Facebook,Banner,45918,3397,264,1981.78,38407.1,0.1422,3.09
CAM0610,LinkedIn,Video,22468,4462,431,2754.51,14379.3,0.0185,-0.78
CAM0611,Twitter,Sponsored Post,62767,2381,348,1112.66,9640.86,0.106,4.09
CAM0612,Facebook,Sponsored Post,8837,2396,10,7527.85,14217.88,0.1975,1.98
CAM0613,Twitter,Video,67224,4028,34,9327.97,24555.48,0.0257,-0.15
CAM0614,Instagram,Sponsored Post,53947,3989,457,2123.96,38182.3,0.1813,2.84
CAM0615,Facebook,Carousel,84983,3615,354,1942.05,17268.93,0.1286,1.51
CAM0616,Instagram,Banner,89126,4934,456,6986.18,35633.96,0.1202,-0.48
CAM0617,Google,Carousel,94586,3638,438,9224.56,20791.22,0.1163,-0.04
CAM0618,Twitter,Video,9335,3361,193,4746.56,14182.05,0.075,3.74
CAM0619,Google,Banner,27832,2254,123,4298.34,46242.96,0.084,-0.43
CAM0620,Facebook,Banner,81123,95,168,9283.4,1782.39,0.0523,2.76
CAM0621,Twitter,Video,71694,2008,131,1889.25,7558.85,0.087,3.35
CAM0622,Facebook,Sponsored Post,1440,3739,29,7059.07,3836.72,0.0678,1.03
CAM0623,Facebook,Carousel,68134,241,308,9651.57,33012.96,0.0947,0.69
CAM0624,Instagram,Video,36698,950,129,4182.15,45545.14,0.0718,4.11
CAM0625,Facebook,Banner,11776,131,187,7862.5,17357.22,0.1909,4.98
CAM0626,Twitter,Sponsored Post,37124,4127,408,5159.46,12266.4,0.1615,4.78
CAM0627,Twitter,Video,17571,4274,109,4506.27,20223.76,0.1488,-0.39
CAM0628,Facebook,Carousel,18174,4422,108,933.38,15942.86,0.0123,1.4
CAM0629,Google,Sponsored Post,24296,2573,395,5105.34,16531.29,0.1247,3.66
CAM0630,Google,Carousel,63520,126,216,6953.52,18796.94,0.0632,-0.26
CAM0631,Instagram,Video,70310,840,387,7996.75,40127.01,0.0287,3.34
CAM0632,LinkedIn,Banner,11216,1349,255,3389.78,6176.4,0.1206,4.84
CAM0633,Google,Video,52757,4752,364,372.28,13011.47,0.0771,0.44
CAM0634,LinkedIn,Sponsored Post,57991,3967,338,8810.13,28795.42,0.0982,2.33
CAM0635,Google,Video,73337,3508,220,7922.77,36413.78,0.0988,4.74
CAM0636,LinkedIn,Sponsored Post,22967,262,23,7529.41,19610.45,0.0553,0.6
CAM0637,Facebook,Video,40526,3003,94,6048.41,34818.4,0.1897,4.87
CAM0638,Facebook,Banner,52236,767,309,529.22,6322.4,0.1416,1.66
CAM0639,Facebook,Video,32182,3960,406,8652.73,13191.85,0.1699,-0.0
CAM0640,LinkedIn,Carousel,42872,4800,96,3027.07,20353.79,0.1277,0.55
CAM0641,Instagram,Carousel,51887,1177,121,7852.74,47656.71,0.0838,0.99
CAM0642,LinkedIn,Video,91349,4247,429,3439.46,36616.65,0.1896,-0.21
CAM0643,Google,Sponsored Post,1570,4791,184,9069.2,2553.24,0.0596,3.7
CAM0644,Twitter,Video,45172,1260,414,2641.74,49555.82,0.1142,4.23
CAM0645,Google,Video,34615,3813,207,6349.34,29209.11,0.1681,-0.66
CAM0646,LinkedIn,Sponsored Post,44669,3673,426,506.38,14622.08,0.0221,-0.27
CAM0647,Instagram,Carousel,17174,2908,348,5201.22,4084.51,0.1151,2.94
CAM0648,Instagram,Banner,35094,3853,214,8094.83,27162.2,0.099,0.98
CAM0649,Facebook,Carousel,84047,2627,283,3526.1,37053.26,0.0409,2.23
CAM0650,Facebook,Banner,13831,2949,169,8346.77,30688.81,0.0533,3.01
CAM0651,Google,Banner,58717,2009,484,1951.51,30559.55,0.1568,3.38
CAM0652,Twitter,Carousel,50418,4391,256,8639.36,15122.89,0.0985,-0.57
CAM0653,Facebook,Banner,46708,3480,65,3042.28,6979.16,0.1287,4.83
CAM0654,Google,Banner,85855,1520,411,1306.01,15125.05,0.0608,1.64
CAM0655,Google,Sponsored Post,87761,2760,258,7253.82,49074.15,0.1597,1.67
CAM0656,Twitter,Video,51448,3936,195,9072.54,49576.69,0.1469,2.6
CAM0657,Google,Video,63215,2534,484,1554.49,17350.49,0.1876,1.29
CAM0658,LinkedIn,Carousel,5961,4179,119,9383.33,2387.2,0.018,2.19
CAM0659,LinkedIn,Carousel,44395,1855,67,2563.69,39462.87,0.1591,0.85
CAM0660,Twitter,Banner,56330,1756,461,3351.37,35071.52,0.0938,-0.59
CAM0661,Google,Sponsored Post,65032,1502,382,3120.95,20171.43,0.1001,2.36
CAM0662,LinkedIn,Carousel,93792,2836,236,6858.06,42528.8,0.0448,3.55
CAM0663,LinkedIn,Video,63356,346,385,8911.56,45308.55,0.0444,1.16
CAM0664,Instagram,Video,57078,918,64,2473.21,44985.58,0.1235,2.31
CAM0665,Twitter,Sponsored Post,50043,4409,397,3032.67,8860.2,0.0187,4.13
CAM0666,Twitter,Banner,62977,2679,443,9329.37,34473.16,0.1994,4.03
CAM0667,Twitter,Video,66712,3801,163,5638.66,39806.79,0.0512,0.19
CAM0668,LinkedIn,Carousel,8184,2859,409,8947.31,26538.07,0.1048,0.79
CAM0669,LinkedIn,Sponsored Post,19618,4569,363,1908.94,2775.79,0.1026,3.91
CAM0670,Twitter,Video,28815,3539,427,8340.27,39296.6,0.0467,0.15
CAM0671,Instagram,Banner,22386,477,410,3689.37,26907.29,0.0162,-0.33
CAM0672,Twitter,Sponsored Post,23754,436,70,8078.4,27438.41,0.0584,2.5
CAM0673,Facebook,Sponsored Post,4484,334,326,1215.86,30065.19,0.1362,2.48
CAM0674,Twitter,Carousel,11563,1021,497,6884.67,18643.79,0.052,4.75
CAM0675,LinkedIn,Carousel,39587,623,60,3842.16,31923.44,0.0325,3.96
CAM0676,Twitter,Banner,79061,3211,170,6263.38,29974.19,0.1215,2.66
CAM0677,Google,Video,31291,1315,19,6660.78,37536.78,0.1348,1.66
CAM0678,Google,Video,10293,4843,299,8323.81,12836.49,0.0578,1.31
CAM0679,Twitter,Video,71157,3600,450,7969.19,31597.8,0.0742,1.22
CAM0680,Facebook,Sponsored Post,53144,1136,14,7123.34,3396.59,0.1229,3.39
CAM0681,Facebook,Banner,5213,3139,18,6250.24,48305.22,0.1735,3.64
CAM0682,LinkedIn,Banner,13920,2578,454,6328.22,36904.84,0.1,2.99
CAM0683,Facebook,Carousel,69691,3921,134,804.16,4257.36,0.1802,-0.8
CAM0684,Google,Video,32955,371,356,2981.59,21041.62,0.0664,1.16
CAM0685,Facebook,Banner,50914,730,132,3968.57,2104.39,0.1353,2.89
CAM0686,Google,Banner,45567,313,277,2762.34,14510.48,0.1954,1.92
CAM0687,Twitter,Video,37110,606,34,4461.18,44808.16,0.1898,0.19
CAM0688,Instagram,Sponsored Post,51170,551,43,8251.06,42692.67,0.1798,-0.61
CAM0689,LinkedIn,Banner,61155,3277,284,5675.42,27155.09,0.0844,4.47
CAM0690,Twitter,Video,28119,1569,36,8659.02,3935.18,0.0256,0.79
CAM0691,Twitter,Video,16419,3490,485,3892.92,6120.16,0.1329,4.5
CAM0692,Instagram,Sponsored Post,96870,3568,432,8386.4,28233.5,0.0726,0.66
CAM0693,Google,Carousel,15503,1844,125,9236.0,10904.4,0.0326,2.08
CAM0694,Facebook,Carousel,86261,4763,232,6605.85,8982.1,0.06,2.23
CAM0695,Instagram,Carousel,41853,2243,350,5493.74,43664.48,0.0538,-0.84
CAM0696,Facebook,Sponsored Post,48458,3925,448,6078.84,47041.52,0.1798,0.33
CAM0697,Facebook,Video,3159,3139,213,5670.08,34845.37,0.1226,4.51
CAM0698,Facebook,Carousel,41067,4790,424,1068.33,2558.96,0.0202,3.36
CAM0699,Twitter,Carousel,23485,3910,114,9076.21,2625.36,0.1836,3.28
CAM0700,Instagram,Video,94388,1316,448,2782.77,49712.01,0.0286,2.05
CAM0701,Twitter,Banner,91656,1815,86,4359.26,13958.47,0.1255,3.92
CAM0702,Instagram,Video,65074,2218,317,5986.67,33834.89,0.1406,2.26
CAM0703,Instagram,Carousel,64298,2114,237,3361.61,22129.21,0.1614,0.71
CAM0704,Twitter,Carousel,59778,1357,267,6461.05,10904.06,0.1911,1.9
CAM0705,LinkedIn,Banner,93397,3683,448,3347.06,27492.96,0.1584,-0.99
CAM0706,Instagram,Banner,21602,3189,467,5621.39,33714.15,0.0115,2.54
CAM0707,LinkedIn,Sponsored Post,56421,849,410,2743.28,27688.12,0.0557,3.65
CAM0708,Instagram,Video,68045,4381,297,8797.18,42912.6,0.1557,4.1
CAM0709,Google,Sponsored Post,32292,4819,276,4067.62,12949.88,0.1593,-0.28
CAM0710,Instagram,Video,45430,229,264,3987.13,19562.75,0.0244,1.04
CAM0711,Instagram,Carousel,50598,715,49,2290.22,37670.2,0.1127,4.88
CAM0712,Twitter,Banner,43246,4227,493,8877.67,36765.62,0.0354,2.33
CAM0713,Google,Sponsored Post,24785,2206,370,8765.4,1482.27,0.087,-0.04
CAM0714,LinkedIn,Banner,10566,4503,358,9260.51,3549.39,0.1429,0.1
CAM0715,Facebook,Carousel,49646,2205,175,6434.68,39579.36,0.0405,3.99
CAM0716,Facebook,Carousel,91652,2368,395,2077.35,6788.41,0.1289,1.51
CAM0717,Google,Carousel,57525,1410,34,7798.1,28029.02,0.1456,3.56
CAM0718,Instagram,Sponsored Post,99073,871,93,5013.54,44520.61,0.0976,-0.99
CAM0719,Google,Banner,98953,3026,332,7095.74,46308.66,0.0563,0.46
CAM0720,Twitter,Banner,17300,1579,447,9172.16,34945.92,0.1647,-0.19
CAM0721,LinkedIn,Video,73480,3823,196,1039.68,45121.17,0.1734,4.15
CAM0722,Facebook,Carousel,14709,1741,438,6380.89,11995.99,0.1451,-0.35
CAM0723,LinkedIn,Carousel,47727,1503,379,2124.38,5154.8,0.0608,-0.22
CAM0724,LinkedIn,Sponsored Post,34720,2773,54,2632.23,27126.47,0.1222,4.03
CAM0725,Instagram,Banner,64231,3858,486,7319.28,11702.08,0.054,1.54
CAM0726,Twitter,Carousel,22386,1939,453,386.58,13512.49,0.0329,2.76
CAM0727,Facebook,Banner,50279,4043,198,6918.94,17751.92,0.1756,2.35
CAM0728,Twitter,Video,45899,1334,293,4951.37,35116.98,0.1078,4.66
CAM0729,Google,Banner,72939,2018,420,2407.42,16945.07,0.1632,0.02
CAM0730,Facebook,Banner,26061,2632,182,8424.46,8072.94,0.0827,1.09
CAM0731,Instagram,Carousel,55343,3182,334,5615.82,42472.44,0.0751,2.69
CAM0732,Facebook,Banner,57737,3280,264,6110.94,35772.15,0.0355,2.62
CAM0733,LinkedIn,Video,40346,1812,477,6995.39,24501.2,0.1782,1.95
CAM0734,Twitter,Sponsored Post,99522,3680,129,4046.68,22235.03,0.0266,4.44
CAM0735,Facebook,Sponsored Post,66771,3853,449,1863.72,34895.14,0.037,2.2
CAM0736,Facebook,Carousel,23825,583,20,486.28,23542.62,0.1897,-0.11
CAM0737,Facebook,Sponsored Post,96757,131,34,1710.16,17793.57,0.0702,-0.72
CAM0738,LinkedIn,Sponsored Post,16149,1555,205,5364.52,15660.91,0.1114,0.79
CAM0739,Facebook,Banner,23423,1195,495,3298.63,6707.0,0.0201,-0.22
CAM0740,Google,Banner,41356,3591,19,4595.52,21430.53,0.0968,2.61
CAM0741,Twitter,Carousel,98239,456,239,5706.33,33702.6,0.1529,1.39
CAM0742,LinkedIn,Video,11346,3407,246,210.69,44991.42,0.1311,1.55
CAM0743,Instagram,Carousel,79731,4152,368,7225.12,34512.09,0.1845,0.29
CAM0744,Facebook,Banner,76776,1282,99,6105.45,18566.65,0.1353,-0.52
CAM0745,Google,Sponsored Post,76007,3488,334,2663.21,40564.9,0.1891,2.88
CAM0746,Instagram,Sponsored Post,34376,3841,442,4337.68,47385.57,0.1567,2.53
CAM0747,Google,Sponsored Post,66743,3671,483,1989.46,11238.34,0.0996,1.31
CAM0748,Twitter,Video,50432,3486,380,7480.88,10703.54,0.1458,0.59
CAM0749,Instagram,Video,78719,2086,115,6155.98,15097.57,0.1394,-0.41
CAM0750,Instagram,Video,26984,4258,96,7887.76,45429.17,0.0905,4.8
CAM0751,LinkedIn,Carousel,42396,267,428,6628.98,22837.48,0.0578,2.18
CAM0752,Twitter,Video,49110,3342,155,7243.54,34377.87,0.1559,0.19
CAM0753,LinkedIn,Banner,30629,1395,341,4179.55,40440.59,0.1419,2.06
CAM0754,Twitter,Banner,34727,2454,113,3391.09,36294.54,0.041,4.44
CAM0755,LinkedIn,Banner,17300,566,277,8226.74,9640.82,0.0655,4.22
CAM0756,Google,Video,53398,4423,223,4145.18,37648.9,0.169,-0.1
CAM0757,LinkedIn,Banner,8914,4190,191,5623.2,49147.44,0.1103,1.54
CAM0758,LinkedIn,Carousel,59511,858,340,7206.38,42602.12,0.0862,0.48
CAM0759,Instagram,Carousel,9796,1471,51,8713.38,2529.43,0.0281,4.65
CAM0760,Facebook,Sponsored Post,73402,2137,397,4660.86,7243.35,0.0366,2.67
CAM0761,Facebook,Banner,97636,1669,121,8918.52,43741.32,0.0509,1.47
CAM0762,Google,Banner,44141,3134,307,7447.4,46916.48,0.1868,3.45
CAM0763,Twitter,Carousel,93029,224,368,3756.2,15851.64,0.0589,1.58
CAM0764,Facebook,Sponsored Post,25870,2066,168,6807.13,41928.09,0.0682,-0.22
CAM0765,Instagram,Banner,36390,681,37,8175.31,9039.41,0.1745,4.15
CAM0766,Facebook,Video,4396,4978,178,7166.55,17409.61,0.1174,-0.46
CAM0767,Instagram,Sponsored Post,28452,1279,454,7280.75,41097.47,0.1526,-0.65
CAM0768,Google,Video,17316,1886,316,188.56,42068.57,0.1913,0.14
CAM0769,Instagram,Sponsored Post,38226,2380,242,7563.75,40482.79,0.1527,1.73
CAM0770,Facebook,Carousel,53806,160,431,9753.11,28340.48,0.0671,3.45
CAM0771,LinkedIn,Carousel,37991,3700,214,5305.26,38027.48,0.1471,0.88
CAM0772,Facebook,Banner,85866,1206,349,877.9,34578.11,0.0729,4.5
CAM0773,Twitter,Carousel,26924,352,369,1558.36,12600.77,0.0382,1.82
CAM0774,Facebook,Banner,96417,2891,116,8064.38,12813.04,0.0363,3.27
CAM0775,LinkedIn,Video,70407,3562,14,9180.57,37528.6,0.0221,3.79
CAM0776,Twitter,Video,20147,4252,281,6322.62,25893.31,0.0506,2.38
CAM0777,Twitter,Sponsored Post,96088,3036,158,3236.29,25389.62,0.1076,1.34
CAM0778,LinkedIn,Carousel,26282,2516,362,6469.31,264.48,0.093,-0.21
CAM0779,Instagram,Banner,26417,1414,165,5225.46,12990.85,0.1926,2.74
CAM0780,LinkedIn,Carousel,72564,4434,113,3172.27,5629.48,0.1025,2.51
CAM0781,Twitter,Banner,57258,2173,162,2055.37,24408.34,0.0286,3.37
CAM0782,Google,Carousel,10936,410,26,9155.57,23024.91,0.0187,0.11
CAM0783,Google,Carousel,15925,4633,192,6483.56,18236.34,0.1952,-0.82
CAM0784,Google,Video,70248,1907,199,8946.62,40410.37,0.0933,-0.17
CAM0785,Google,Banner,67803,3526,5,5926.65,5192.06,0.1641,1.2
CAM0786,Instagram,Video,52727,4769,147,2929.95,32437.11,0.057,3.23
CAM0787,LinkedIn,Sponsored Post,77667,71,350,143.72,40893.69,0.0967,4.47
CAM0788,LinkedIn,Banner,76675,4255,33,7858.17,34645.53,0.1146,2.22
CAM0789,Instagram,Carousel,1155,1843,191,8395.38,32342.12,0.0165,1.5
CAM0790,Google,Carousel,29147,1635,89,2706.78,11345.37,0.1845,-0.26
CAM0791,Facebook,Carousel,84621,526,245,8687.2,34129.26,0.065,0.77
CAM0792,Google,Video,84307,274,233,2786.05,7526.87,0.1456,-0.03
CAM0793,Instagram,Carousel,67347,3409,338,9978.41,7524.09,0.1991,3.32
CAM0794,Google,Video,80774,2852,187,5035.79,41389.48,0.0986,2.46
CAM0795,Google,Carousel,89860,1597,439,5970.87,45231.79,0.1628,1.81
CAM0796,Instagram,Sponsored Post,9961,4964,310,7512.22,9651.16,0.1283,4.35
CAM0797,Google,Video,23478,4005,231,7925.42,18094.44,0.1729,0.19
CAM0798,Instagram,Carousel,74547,2611,382,7639.63,47374.19,0.1932,4.78
CAM0799,Google,Banner,75384,59,177,1188.32,5829.82,0.1587,0.94
CAM0800,Google,Sponsored Post,33449,3423,139,5149.03,35312.87,0.0246,3.05
CAM0801,LinkedIn,Sponsored Post,40378,4266,100,4578.76,18561.74,0.1627,-0.44
CAM0802,Facebook,Sponsored Post,19844,1836,375,3726.47,12286.26,0.036,2.98
CAM0803,Twitter,Sponsored Post,58345,1330,369,4757.52,37424.75,0.0152,3.16
CAM0804,Google,Banner,6820,4405,261,2731.9,16441.93,0.0477,-0.46
CAM0805,Google,Banner,87373,2420,346,3888.1,19085.77,0.1043,3.65
CAM0806,Facebook,Carousel,87986,3547,274,5371.72,6283.92,0.0585,1.75
CAM0807,Instagram,Banner,69344,2456,95,7277.37,29525.43,0.1351,3.83
CAM0808,Instagram,Banner,48339,3992,384,1275.59,18967.09,0.1373,1.23
CAM0809,LinkedIn,Banner,3884,1879,21,9246.9,20438.92,0.0411,3.43
CAM0810,Instagram,Banner,87560,3887,56,7807.56,12045.98,0.0857,3.95
CAM0811,Google,Carousel,69676,4545,191,5266.96,26915.54,0.0747,2.53
CAM0812,Instagram,Carousel,80280,4755,405,4721.43,28249.81,0.0716,3.93
CAM0813,Facebook,Banner,47028,4521,143,5458.67,3586.57,0.1016,3.43
CAM0814,Facebook,Sponsored Post,9817,2019,127,3497.48,6977.78,0.1826,2.98
CAM0815,Twitter,Carousel,62797,4111,263,2230.47,7936.87,0.181,3.23
CAM0816,Google,Sponsored Post,77286,4327,6,903.23,32806.93,0.0379,-0.8
CAM0817,Facebook,Sponsored Post,56511,668,92,8682.36,21792.3,0.1765,2.07
CAM0818,LinkedIn,Video,23135,1435,203,8211.09,48822.76,0.1978,4.37
CAM0819,Google,Sponsored Post,19260,3010,248,241.46,8792.7,0.0567,2.97
CAM0820,LinkedIn,Video,54129,2670,269,5607.3,48002.76,0.1414,3.5
CAM0821,LinkedIn,Sponsored Post,16012,2486,241,3986.65,48938.74,0.1483,3.0
CAM0822,Facebook,Video,60955,2714,250,1803.38,13449.79,0.0523,2.35
CAM0823,Google,Carousel,99236,4214,230,5325.85,2801.75,0.1964,4.66
CAM0824,Google,Video,75615,3514,208,4851.82,31221.82,0.1533,-0.81
CAM0825,Facebook,Banner,30340,1455,476,2021.12,24770.4,0.1009,4.07
CAM0826,Instagram,Sponsored Post,38603,1747,459,4815.93,48001.21,0.0977,-0.23
CAM0827,Google,Video,25611,44,423,8998.3,148.51,0.0109,0.79
CAM0828,Facebook,Sponsored Post,24895,2152,195,81.68,16631.1,0.0354,3.2
CAM0829,Twitter,Sponsored Post,58221,521,434,4556.29,8550.89,0.1064,2.42
CAM0830,LinkedIn,Carousel,25207,1722,289,9356.46,11459.03,0.1898,2.14
CAM0831,LinkedIn,Video,90103,3892,328,9152.54,22444.77,0.1405,3.95
CAM0832,Facebook,Video,12452,2055,12,8211.39,28418.31,0.1759,4.62
CAM0833,Instagram,Carousel,71967,1711,201,8034.04,37041.7,0.0588,3.26
CAM0834,Google,Carousel,11393,2644,212,5562.43,6922.71,0.1906,-0.86
CAM0835,Google,Sponsored Post,50375,3503,111,4502.02,5302.83,0.0868,2.16
CAM0836,Instagram,Carousel,35712,1397,347,5996.29,6581.77,0.1923,0.42
CAM0837,Google,Sponsored Post,5677,2938,59,7646.71,19680.62,0.1227,3.26
CAM0838,Google,Video,1343,2808,321,1813.7,14994.42,0.0107,0.61
CAM0839,Instagram,Carousel,45086,1738,122,6722.31,11646.6,0.1536,0.34
CAM0840,Twitter,Video,64368,2017,365,6907.57,4116.18,0.1126,0.98
CAM0841,Google,Video,34583,1018,268,5282.94,17722.02,0.0162,2.39
CAM0842,LinkedIn,Video,22574,3593,105,1941.32,14141.42,0.189,2.01
CAM0843,Instagram,Sponsored Post,5017,3539,59,2385.56,25235.68,0.1669,4.02
CAM0844,Google,Sponsored Post,61037,4369,129,6397.67,20085.81,0.0265,-0.93
CAM0845,Instagram,Video,82594,3007,117,9095.04,3500.17,0.1702,-0.44
CAM0846,LinkedIn,Video,36249,1949,350,2811.46,21329.24,0.0946,3.49
CAM0847,Facebook,Video,7754,478,89,5304.49,40824.14,0.1707,2.68
CAM0848,Facebook,Carousel,12061,2149,257,6908.22,32089.75,0.1083,1.13
CAM0849,LinkedIn,Video,3625,3513,404,3546.42,32578.86,0.1792,-0.4
CAM0850,Google,Carousel,1295,256,269,2443.49,27927.14,0.1513,2.32
CAM0851,Twitter,Banner,94566,568,315,5914.23,5772.68,0.0125,3.96
CAM0852,Facebook,Banner,95485,1045,464,8034.59,17163.84,0.1918,1.27
CAM0853,LinkedIn,Carousel,83723,2802,374,9966.33,29618.95,0.0996,0.13
CAM0854,Facebook,Banner,45026,3034,108,5385.88,46180.06,0.1466,0.81
CAM0855,Google,Video,55917,2031,143,8470.11,1075.79,0.0968,1.94
CAM0856,LinkedIn,Sponsored Post,21397,4245,236,8600.99,33018.8,0.0635,-0.4
CAM0857,Instagram,Carousel,72567,751,111,7095.76,22147.18,0.1875,3.84
CAM0858,Facebook,Banner,76970,4378,115,1496.58,5841.22,0.1623,0.81
CAM0859,Facebook,Carousel,90722,903,315,4357.04,36243.82,0.1904,0.96
CAM0860,LinkedIn,Video,8591,883,135,8653.19,31724.98,0.0455,-0.88
CAM0861,Google,Video,34472,2369,330,5279.77,15508.61,0.1485,3.5
CAM0862,LinkedIn,Sponsored Post,84457,4981,4,2576.01,17589.83,0.0105,-0.79
CAM0863,Google,Sponsored Post,99535,2555,339,8040.2,26648.59,0.0567,3.77
CAM0864,Google,Sponsored Post,56646,4777,300,3429.26,49470.57,0.1693,-0.23
CAM0865,Twitter,Banner,29754,4377,166,3695.85,28181.42,0.1434,2.36
CAM0866,Twitter,Video,94552,791,45,4553.4,30636.68,0.0945,0.74
CAM0867,Twitter,Video,11125,275,244,3215.64,10550.93,0.1214,1.8
CAM0868,Twitter,Sponsored Post,24945,759,484,3967.51,34726.06,0.0306,2.88
CAM0869,Instagram,Sponsored Post,45604,2603,448,1410.29,41674.02,0.0126,-0.78
CAM0870,Google,Video,4615,1569,1,6486.87,18815.14,0.1479,2.88
CAM0871,Twitter,Carousel,65200,884,272,4808.05,4843.92,0.0606,4.13
CAM0872,Twitter,Video,71297,512,42,9594.89,2308.4,0.0783,2.71
CAM0873,Twitter,Sponsored Post,12338,3564,385,9453.48,42673.25,0.0117,4.94
CAM0874,Google,Banner,54108,1835,68,6496.35,5021.22,0.1245,1.3
CAM0875,Google,Sponsored Post,36192,1358,198,906.43,15277.48,0.0196,3.86
CAM0876,LinkedIn,Banner,21543,1410,279,1422.24,44387.27,0.0912,3.68
CAM0877,Instagram,Video,54534,4949,10,4869.09,9108.36,0.1008,1.02
CAM0878,Google,Carousel,53928,4289,158,2182.46,14967.29,0.1037,-0.93
CAM0879,Instagram,Carousel,77827,4017,106,7330.88,41773.24,0.0947,4.01
CAM0880,Google,Video,81223,1852,268,6025.7,27323.87,0.1614,2.71
CAM0881,Twitter,Video,38867,261,124,9779.19,8978.37,0.0298,4.51
CAM0882,Twitter,Banner,38669,865,474,4631.01,13343.75,0.1045,0.62
CAM0883,Twitter,Sponsored Post,19862,848,254,471.02,45838.42,0.0797,2.53
CAM0884,LinkedIn,Video,69395,424,238,5657.78,26315.1,0.0439,1.31
CAM0885,Instagram,Carousel,58942,4304,416,1320.16,23365.66,0.087,1.87
CAM0886,Instagram,Carousel,8815,344,434,8856.6,33353.53,0.1416,3.51
CAM0887,LinkedIn,Video,94233,1452,40,1833.67,28704.92,0.166,0.24
CAM0888,Google,Video,40298,1616,490,6424.19,24184.48,0.1405,-0.67
CAM0889,Facebook,Banner,17566,4580,282,4909.23,44303.25,0.0407,2.59
CAM0890,Instagram,Sponsored Post,11830,1441,417,838.99,37387.3,0.0549,1.13
CAM0891,Instagram,Carousel,61732,894,93,116.54,43142.0,0.0152,1.34
CAM0892,Twitter,Video,85882,822,289,1339.15,17107.11,0.1971,2.52
CAM0893,LinkedIn,Carousel,83724,2529,327,4387.01,14770.3,0.1061,3.52
CAM0894,Google,Carousel,60379,4478,393,4745.13,45621.1,0.0758,1.87
CAM0895,Facebook,Video,56390,1835,184,7871.95,45135.87,0.0729,3.99
CAM0896,Google,Video,72622,598,34,6392.71,44823.24,0.1106,4.0
CAM0897,LinkedIn,Banner,2294,2957,180,2542.68,3279.19,0.0307,3.49
CAM0898,Instagram,Video,70588,2148,312,8738.47,47290.28,0.1499,1.48
CAM0899,Twitter,Video,25839,2000,452,2869.38,22182.66,0.1276,3.94
CAM0900,LinkedIn,Banner,8691,4737,227,159.64,27262.68,0.1591,2.05
CAM0901,Instagram,Carousel,72584,4957,465,3388.69,10547.79,0.1805,1.57
CAM0902,Twitter,Video,61424,4161,33,4519.53,1779.29,0.0354,2.71
CAM0903,Instagram,Sponsored Post,65489,3908,89,6902.71,49794.14,0.168,2.71
CAM0904,LinkedIn,Video,20709,2994,448,7972.92,34625.37,0.1254,0.26
CAM0905,Instagram,Video,56114,4181,189,9442.28,46047.55,0.1638,2.18
CAM0906,Facebook,Banner,77153,2903,312,1743.58,7507.9,0.0733,0.91
CAM0907,Facebook,Banner,41648,797,297,1078.65,10558.52,0.0955,1.86
CAM0908,Facebook,Carousel,15000,4880,171,3817.85,45878.52,0.1547,3.4
CAM0909,Google,Sponsored Post,13436,4226,258,1895.23,34761.16,0.0985,3.94
CAM0910,LinkedIn,Video,54240,4827,475,4175.7,34087.22,0.1201,4.53
CAM0911,Facebook,Carousel,81179,2157,256,9684.93,32272.98,0.0338,3.39
CAM0912,LinkedIn,Banner,35938,3631,218,3088.83,42669.28,0.1116,2.95
CAM0913,Twitter,Sponsored Post,36953,4152,356,4683.92,44653.71,0.0918,0.79
CAM0914,Google,Sponsored Post,87833,1849,126,9707.06,27390.75,0.1121,4.91
CAM0915,LinkedIn,Sponsored Post,66445,2287,8,4283.05,20347.16,0.1826,0.13
CAM0916,LinkedIn,Banner,3405,2127,387,9816.31,28383.4,0.0846,2.83
CAM0917,LinkedIn,Video,5939,2003,265,6472.85,19241.79,0.1259,2.85
CAM0918,Facebook,Sponsored Post,77543,3437,406,7440.07,3490.52,0.0291,0.38
CAM0919,LinkedIn,Carousel,5324,4138,391,7428.54,8563.42,0.1611,2.26
CAM0920,Facebook,Video,58878,3272,489,2016.76,32092.52,0.1892,0.25
CAM0921,Facebook,Sponsored Post,70461,819,202,6076.95,23257.06,0.0543,4.29
CAM0922,Instagram,Banner,44985,2015,64,4118.6,37262.67,0.0756,4.3
CAM0923,Google,Sponsored Post,61654,785,130,4053.86,3868.9,0.148,4.75
CAM0924,Facebook,Video,58535,1953,429,9984.5,20695.27,0.0737,4.93
CAM0925,Twitter,Banner,50628,2300,143,3440.19,30875.03,0.0271,0.39
CAM0926,Instagram,Sponsored Post,72250,586,246,3423.4,4539.72,0.1464,3.91
CAM0927,Facebook,Video,67055,1982,483,6142.74,26302.56,0.0324,-0.98
CAM0928,Facebook,Sponsored Post,51959,3188,481,1234.68,42362.34,0.1869,-0.42
CAM0929,Instagram,Banner,44518,766,191,6094.03,45045.68,0.192,-0.25
CAM0930,Twitter,Banner,32342,582,269,8033.08,758.14,0.1878,0.11
CAM0931,Instagram,Sponsored Post,49306,1901,93,8262.68,15524.41,0.1076,0.27
CAM0932,Twitter,Video,84542,2210,473,5637.27,1846.05,0.0739,4.8
CAM0933,Facebook,Sponsored Post,57896,1504,408,4074.77,17448.73,0.1261,1.39
CAM0934,Twitter,Banner,89271,4276,194,9638.12,39706.31,0.185,0.14
CAM0935,Google,Video,10132,754,135,9855.87,34415.61,0.0679,3.08
CAM0936,Facebook,Carousel,47409,235,122,1932.02,1641.33,0.0674,2.41
CAM0937,LinkedIn,Banner,93263,2469,369,4795.54,36360.58,0.1811,-0.74
CAM0938,Facebook,Sponsored Post,36963,1947,467,2188.99,41861.44,0.016,2.35
CAM0939,Instagram,Banner,29221,189,84,5414.73,43314.05,0.0574,3.41
CAM0940,Facebook,Carousel,83855,3041,240,9227.4,26659.27,0.0486,-0.13
CAM0941,LinkedIn,Video,15915,2014,0,2496.25,46807.62,0.1407,-0.79
CAM0942,Facebook,Video,56192,4904,324,3989.56,45224.76,0.0875,4.33
CAM0943,Instagram,Video,61488,856,283,8119.8,23583.38,0.0318,4.94
CAM0944,Facebook,Video,41951,78,367,340.89,11142.91,0.182,2.42
CAM0945,Twitter,Carousel,38624,3698,413,2327.22,38598.93,0.1654,2.79
CAM0946,Instagram,Sponsored Post,79999,2974,22,5683.74,1602.95,0.1854,4.86
CAM0947,Instagram,Sponsored Post,62289,352,283,8264.15,7260.26,0.1849,2.92
CAM0948,Facebook,Banner,58948,3847,386,918.83,102.59,0.1449,0.22
CAM0949,Google,Carousel,4348,4608,287,3630.86,44052.1,0.0275,4.84
CAM0950,Instagram,Video,27663,988,260,594.33,6634.15,0.0335,1.15
CAM0951,Twitter,Carousel,63269,3903,440,2138.2,10369.74,0.0784,1.24
CAM0952,Facebook,Video,75984,573,401,5488.88,5835.24,0.0532,3.74
CAM0953,Instagram,Banner,62848,4649,314,6555.43,4974.11,0.1848,4.62
CAM0954,Google,Carousel,34455,4383,470,1346.26,6864.49,0.0304,0.67
CAM0955,Twitter,Sponsored Post,80373,4331,5,9663.1,4208.54,0.1032,2.47
CAM0956,LinkedIn,Carousel,16395,3463,304,288.92,39107.86,0.0347,1.81
CAM0957,Facebook,Sponsored Post,35086,748,309,8679.2,4615.3,0.1416,2.68
CAM0958,Instagram,Sponsored Post,28411,3951,10,8277.79,4565.4,0.1974,4.83
CAM0959,LinkedIn,Carousel,17673,4219,198,2865.26,22164.67,0.1675,-0.53
CAM0960,Facebook,Carousel,80441,2975,139,1292.89,41032.3,0.0734,3.49
CAM0961,Twitter,Video,21818,3813,445,6000.64,40942.07,0.1653,3.16
CAM0962,Facebook,Banner,50609,257,218,679.8,23023.42,0.1903,2.18
CAM0963,Instagram,Sponsored Post,53717,4756,174,7028.58,26058.51,0.1794,0.6
CAM0964,Instagram,Sponsored Post,49477,2671,96,1096.37,17246.33,0.1342,3.36
CAM0965,Google,Carousel,33162,4895,317,7935.72,36207.25,0.1259,-0.57
CAM0966,Facebook,Carousel,4146,2347,264,3252.86,29274.35,0.1118,1.55
CAM0967,Instagram,Banner,30180,952,443,9065.1,3556.77,0.094,0.47
CAM0968,Instagram,Sponsored Post,52368,3323,216,5216.12,13905.86,0.1634,2.68
CAM0969,Google,Video,14705,4883,482,7651.42,19762.49,0.0895,2.94
CAM0970,Google,Video,95642,4923,171,848.92,28698.0,0.1799,0.5
CAM0971,Google,Sponsored Post,59428,3882,288,9637.6,6826.55,0.1212,0.54
CAM0972,Twitter,Video,8092,914,351,700.1,29796.28,0.1237,-0.37
CAM0973,LinkedIn,Banner,74982,3704,100,6645.35,39104.44,0.127,-0.3
CAM0974,Google,Video,5877,1187,19,8885.07,40543.19,0.1099,3.32
CAM0975,Twitter,Banner,40042,3410,90,1821.27,30025.78,0.0999,2.68
CAM0976,Twitter,Sponsored Post,62259,397,462,747.91,33792.04,0.0578,3.88
CAM0977,Google,Sponsored Post,35310,4617,413,3584.03,31617.28,0.0561,-0.59
CAM0978,Instagram,Sponsored Post,51502,3470,248,2101.57,36693.16,0.1386,1.63
CAM0979,LinkedIn,Sponsored Post,81072,4837,396,3465.99,31740.82,0.1546,-0.19
CAM0980,Twitter,Banner,32812,2205,98,310.17,48349.78,0.0624,3.08
CAM0981,Instagram,Video,33820,4023,221,7399.89,7390.22,0.1151,-0.41
CAM0982,Facebook,Video,56061,4880,353,8055.21,39178.01,0.1605,1.35
CAM0983,Instagram,Carousel,48026,1314,314,3938.6,43044.96,0.0568,2.48
CAM0984,LinkedIn,Banner,51073,970,255,369.85,7826.1,0.0913,3.94
CAM0985,Instagram,Banner,65389,2001,379,8868.91,49257.49,0.0472,2.27
CAM0986,Facebook,Sponsored Post,53520,1365,426,246.78,31334.25,0.0921,-0.2
CAM0987,Google,Video,19870,347,416,6359.26,13242.79,0.0983,1.95
CAM0988,Twitter,Video,22966,4126,252,8501.22,28459.02,0.1969,1.22
CAM0989,Twitter,Video,89214,4468,262,8181.64,20241.25,0.1918,3.06
CAM0990,Instagram,Video,56447,3110,183,7473.77,18084.16,0.1432,2.77
CAM0991,Instagram,Banner,26823,3977,125,3522.93,10724.1,0.1179,4.73
CAM0992,LinkedIn,Video,62989,344,216,3799.33,29834.54,0.1699,4.77
CAM0993,Instagram,Carousel,69420,4028,347,1849.96,43347.81,0.12,1.5
CAM0994,LinkedIn,Banner,86471,2700,174,2768.77,36924.96,0.1931,2.2
CAM0995,Facebook,Sponsored Post,73025,3887,449,761.85,16996.67,0.0161,1.5
CAM0996,Facebook,Carousel,69166,4501,463,5709.84,15669.54,0.0736,1.12
CAM0997,Instagram,Banner,9603,2158,478,9109.37,28194.67,0.0657,1.2
CAM0998,Google,Banner,54064,393,29,1471.05,26299.91,0.1096,4.75
CAM0999,Google,Banner,68891,4381,49,5787.48,23256.12,0.0592,3.66
CAM1000,LinkedIn,Video,2651,2134,432,1104.49,24070.43,0.1203,0.78
